company,institution,analyst,record_type,city,as_of,retrieved_on,url,source_ref
AMD,Aletheia Capital,Warren Lau,named_analyst,Not sourced,date not stated on source; retrieved 2026-10-05,2026-10-05,https://ir.amd.com/stock-data/analyst-coverage,turn138view0
AMD,Arete Research,Janco Venter,named_analyst,Not sourced,date not stated on source; retrieved 2026-10-05,2026-10-05,https://ir.amd.com/stock-data/analyst-coverage,turn138view0
AMD,Argus Research,Jim Kelleher,named_analyst,Not sourced,date not stated on source; retrieved 2026-10-05,2026-10-05,https://ir.amd.com/stock-data/analyst-coverage,turn138view0
AMD,Bank of America Global Research,Vivek Arya,named_analyst,Not sourced,date not stated on source; retrieved 2026-10-05,2026-10-05,https://ir.amd.com/stock-data/analyst-coverage,turn138view0
AMD,Barclays Capital,Tom O’Malley,named_analyst,Not sourced,date not stated on source; retrieved 2026-10-05,2026-10-05,https://ir.amd.com/stock-data/analyst-coverage,turn138view0
AMD,Baptista Research,Ishan Majumdar,named_analyst,Not sourced,date not stated on source; retrieved 2026-10-05,2026-10-05,https://ir.amd.com/stock-data/analyst-coverage,turn138view0
AMD,The Benchmark Company,Cody Acree,named_analyst,Not sourced,date not stated on source; retrieved 2026-10-05,2026-10-05,https://ir.amd.com/stock-data/analyst-coverage,turn138view0
AMD,Bernstein Research,Stacy Rasgon,named_analyst,Not sourced,date not stated on source; retrieved 2026-10-05,2026-10-05,https://ir.amd.com/stock-data/analyst-coverage,turn138view0
AMD,BMO,Harsh Kumar,named_analyst,Not sourced,date not stated on source; retrieved 2026-10-05,2026-10-05,https://ir.amd.com/stock-data/analyst-coverage,turn138view0
AMD,Bocom International,Dawai Wang,named_analyst,Not sourced,date not stated on source; retrieved 2026-10-05,2026-10-05,https://ir.amd.com/stock-data/analyst-coverage,turn138view0
AMD,Cantor Fizgerald,C.J. Muse,named_analyst,Not sourced,date not stated on source; retrieved 2026-10-05,2026-10-05,https://ir.amd.com/stock-data/analyst-coverage,turn138view0
AMD,Citigroup,Atif Malik,named_analyst,Not sourced,date not stated on source; retrieved 2026-10-05,2026-10-05,https://ir.amd.com/stock-data/analyst-coverage,turn138view0
AMD,Cleveland Research,Chandler Converse,named_analyst,Not sourced,date not stated on source; retrieved 2026-10-05,2026-10-05,https://ir.amd.com/stock-data/analyst-coverage,turn138view0
AMD,CLSA,Bhavtosh Vajpayee,named_analyst,Not sourced,date not stated on source; retrieved 2026-10-05,2026-10-05,https://ir.amd.com/stock-data/analyst-coverage,turn138view0
AMD,DA Davidson,Gil Luria,named_analyst,Not sourced,date not stated on source; retrieved 2026-10-05,2026-10-05,https://ir.amd.com/stock-data/analyst-coverage,turn138view0
AMD,Daiwa Capital Markets,Lou Miscioscia,named_analyst,Not sourced,date not stated on source; retrieved 2026-10-05,2026-10-05,https://ir.amd.com/stock-data/analyst-coverage,turn138view0
AMD,Edgewater Research,Kevin Rottinghaus,named_analyst,Not sourced,date not stated on source; retrieved 2026-10-05,2026-10-05,https://ir.amd.com/stock-data/analyst-coverage,turn138view0
AMD,Evercore ISI,Mark Lipacis,named_analyst,Not sourced,date not stated on source; retrieved 2026-10-05,2026-10-05,https://ir.amd.com/stock-data/analyst-coverage,turn138view0
AMD,Exane BNP Paribas Research,Karl Ackerman,named_analyst,Not sourced,date not stated on source; retrieved 2026-10-05,2026-10-05,https://ir.amd.com/stock-data/analyst-coverage,turn138view0
AMD,Fubon Securities,Sean Hao,named_analyst,Not sourced,date not stated on source; retrieved 2026-10-05,2026-10-05,https://ir.amd.com/stock-data/analyst-coverage,turn138view0
AMD,Goldman Sachs,Jim Schneider,named_analyst,Not sourced,date not stated on source; retrieved 2026-10-05,2026-10-05,https://ir.amd.com/stock-data/analyst-coverage,turn138view0
AMD,Haitong International Research,Barney Yao,named_analyst,Not sourced,date not stated on source; retrieved 2026-10-05,2026-10-05,https://ir.amd.com/stock-data/analyst-coverage,turn138view0
AMD,Hautai Research,Purdy Ho,named_analyst,Not sourced,date not stated on source; retrieved 2026-10-05,2026-10-05,https://ir.amd.com/stock-data/analyst-coverage,turn138view0
AMD,HSBC,Frank Lee,named_analyst,Not sourced,date not stated on source; retrieved 2026-10-05,2026-10-05,https://ir.amd.com/stock-data/analyst-coverage,turn138view0
AMD,Jefferies,Blayne Curtis,named_analyst,Not sourced,date not stated on source; retrieved 2026-10-05,2026-10-05,https://ir.amd.com/stock-data/analyst-coverage,turn138view0
AMD,JP Morgan,Harlan Sur,named_analyst,Not sourced,date not stated on source; retrieved 2026-10-05,2026-10-05,https://ir.amd.com/stock-data/analyst-coverage,turn138view0
AMD,KeyBanc,John Vinh,named_analyst,Not sourced,date not stated on source; retrieved 2026-10-05,2026-10-05,https://ir.amd.com/stock-data/analyst-coverage,turn138view0
AMD,Loop Capital,Ananda Baruah,named_analyst,Not sourced,date not stated on source; retrieved 2026-10-05,2026-10-05,https://ir.amd.com/stock-data/analyst-coverage,turn138view0
AMD,Melius Research,Ben Reitzes,named_analyst,Not sourced,date not stated on source; retrieved 2026-10-05,2026-10-05,https://ir.amd.com/stock-data/analyst-coverage,turn138view0
AMD,Mizuho Securities,Vijay Rakesh,named_analyst,Not sourced,date not stated on source; retrieved 2026-10-05,2026-10-05,https://ir.amd.com/stock-data/analyst-coverage,turn138view0
AMD,Morgan Stanley,Joseph Moore,named_analyst,Not sourced,date not stated on source; retrieved 2026-10-05,2026-10-05,https://ir.amd.com/stock-data/analyst-coverage,turn138view0
AMD,Morningstar,Brian Colello,named_analyst,Not sourced,date not stated on source; retrieved 2026-10-05,2026-10-05,https://ir.amd.com/stock-data/analyst-coverage,turn138view0
AMD,New Street Research,Pierre Ferragu,named_analyst,Not sourced,date not stated on source; retrieved 2026-10-05,2026-10-05,https://ir.amd.com/stock-data/analyst-coverage,turn138view0
AMD,Northland,Gus Richard,named_analyst,Not sourced,date not stated on source; retrieved 2026-10-05,2026-10-05,https://ir.amd.com/stock-data/analyst-coverage,turn138view0
AMD,Oppenheimer,Rick Schafer,named_analyst,Not sourced,date not stated on source; retrieved 2026-10-05,2026-10-05,https://ir.amd.com/stock-data/analyst-coverage,turn138view0
AMD,Raymond James,Simon Leopold,named_analyst,Not sourced,date not stated on source; retrieved 2026-10-05,2026-10-05,https://ir.amd.com/stock-data/analyst-coverage,turn138view0
AMD,RBC Capital Markets,Srini Pajjuri,named_analyst,Not sourced,date not stated on source; retrieved 2026-10-05,2026-10-05,https://ir.amd.com/stock-data/analyst-coverage,turn138view0
AMD,Rosenblatt,Kevin Cassidy,named_analyst,Not sourced,date not stated on source; retrieved 2026-10-05,2026-10-05,https://ir.amd.com/stock-data/analyst-coverage,turn138view0
AMD,Roth MKM,Suji De Silva,named_analyst,Not sourced,date not stated on source; retrieved 2026-10-05,2026-10-05,https://ir.amd.com/stock-data/analyst-coverage,turn138view0
AMD,R. W. Baird,Tristan Gerra,named_analyst,Not sourced,date not stated on source; retrieved 2026-10-05,2026-10-05,https://ir.amd.com/stock-data/analyst-coverage,turn138view0
AMD,Seaport Global Securities,Jay Goldberg,named_analyst,Not sourced,date not stated on source; retrieved 2026-10-05,2026-10-05,https://ir.amd.com/stock-data/analyst-coverage,turn138view0
AMD,Stifel Nicolaus and Company,Ruben Roy,named_analyst,Not sourced,date not stated on source; retrieved 2026-10-05,2026-10-05,https://ir.amd.com/stock-data/analyst-coverage,turn138view0
AMD,Susquehanna International Group,Chris Rolland,named_analyst,Not sourced,date not stated on source; retrieved 2026-10-05,2026-10-05,https://ir.amd.com/stock-data/analyst-coverage,turn138view0
AMD,TD Cowen,Joshua Buchalter,named_analyst,Not sourced,date not stated on source; retrieved 2026-10-05,2026-10-05,https://ir.amd.com/stock-data/analyst-coverage,turn138view0
AMD,Truist,William Stein,named_analyst,Not sourced,date not stated on source; retrieved 2026-10-05,2026-10-05,https://ir.amd.com/stock-data/analyst-coverage,turn138view0
AMD,UBS,Timothy Arcuri,named_analyst,Not sourced,date not stated on source; retrieved 2026-10-05,2026-10-05,https://ir.amd.com/stock-data/analyst-coverage,turn138view0
AMD,Wedbush,Matt Bryson,named_analyst,Not sourced,date not stated on source; retrieved 2026-10-05,2026-10-05,https://ir.amd.com/stock-data/analyst-coverage,turn138view0
AMD,Wells Fargo,Aaron Rakers,named_analyst,Not sourced,date not stated on source; retrieved 2026-10-05,2026-10-05,https://ir.amd.com/stock-data/analyst-coverage,turn138view0
AMD,Wolfe Research,Chris Caso,named_analyst,Not sourced,date not stated on source; retrieved 2026-10-05,2026-10-05,https://ir.amd.com/stock-data/analyst-coverage,turn138view0
ASML,ABN AMRO - ODDO BHF,Stephane Houri,named_analyst,Paris,2026-07-20,2026-10-05,https://investor.asml.com/share-information/analyst-coverage,turn63view0
ASML,Banco Sabadell,Alvaro Del Pozo Maroto,named_analyst,Madrid,2026-07-20,2026-10-05,https://investor.asml.com/share-information/analyst-coverage,turn63view0
ASML,Bank of America,Didier Scemama,named_analyst,London,2026-07-20,2026-10-05,https://investor.asml.com/share-information/analyst-coverage,turn63view0
ASML,Barclays,Simon Coles,named_analyst,London,2026-07-20,2026-10-05,https://investor.asml.com/share-information/analyst-coverage,turn63view0
ASML,Berenberg Bank,Tammy Qiu,named_analyst,London,2026-07-20,2026-10-05,https://investor.asml.com/share-information/analyst-coverage,turn63view0
ASML,Bernstein,David Dai,named_analyst,Hong Kong,2026-07-20,2026-10-05,https://investor.asml.com/share-information/analyst-coverage,turn63view0
ASML,BNP Paribas Exane,Jakob Bluestone,named_analyst,London,2026-07-20,2026-10-05,https://investor.asml.com/share-information/analyst-coverage,turn63view0
ASML,Cantor,C.J. Muse,named_analyst,New York,2026-07-20,2026-10-05,https://investor.asml.com/share-information/analyst-coverage,turn63view0
ASML,Citigroup,Pavan Daswani,named_analyst,London,2026-07-20,2026-10-05,https://investor.asml.com/share-information/analyst-coverage,turn63view0
ASML,Cowen,Krish Sankar,named_analyst,San Francisco,2026-07-20,2026-10-05,https://investor.asml.com/share-information/analyst-coverage,turn63view0
ASML,DeGroof Petercam,Michael Roeg,named_analyst,Amsterdam,2026-07-20,2026-10-05,https://investor.asml.com/share-information/analyst-coverage,turn63view0
ASML,Deutsche Bank,Rob Sanders,named_analyst,London,2026-07-20,2026-10-05,https://investor.asml.com/share-information/analyst-coverage,turn63view0
ASML,Evercore ISI,Mark Lipacis,named_analyst,New York,2026-07-20,2026-10-05,https://investor.asml.com/share-information/analyst-coverage,turn63view0
ASML,Futurum,Rolf Bulk,named_analyst,Singapore,2026-07-20,2026-10-05,https://investor.asml.com/share-information/analyst-coverage,turn63view0
ASML,Goldman Sachs,Alex Duval,named_analyst,London,2026-07-20,2026-10-05,https://investor.asml.com/share-information/analyst-coverage,turn63view0
ASML,HSBC,Adi Metuku,named_analyst,London,2026-07-20,2026-10-05,https://investor.asml.com/share-information/analyst-coverage,turn63view0
ASML,ING,Marc Hesselink,named_analyst,Amsterdam,2026-07-20,2026-10-05,https://investor.asml.com/share-information/analyst-coverage,turn63view0
ASML,Independent Minds,Andrew Hayman,named_analyst,London,2026-07-20,2026-10-05,https://investor.asml.com/share-information/analyst-coverage,turn63view0
ASML,InsingerGilissen,Jos Versteeg,named_analyst,Amsterdam,2026-07-20,2026-10-05,https://investor.asml.com/share-information/analyst-coverage,turn63view0
ASML,Intesa Sanpaolo,Antonella Frongillo,named_analyst,Milan,2026-07-20,2026-10-05,https://investor.asml.com/share-information/analyst-coverage,turn63view0
ASML,Jefferies,Janardan Menon,named_analyst,London,2026-07-20,2026-10-05,https://investor.asml.com/share-information/analyst-coverage,turn63view0
ASML,JP Morgan,Sandeep Deshpande,named_analyst,London,2026-07-20,2026-10-05,https://investor.asml.com/share-information/analyst-coverage,turn63view0
ASML,KBC,Thomas Couvreur,named_analyst,Brussels,2026-07-20,2026-10-05,https://investor.asml.com/share-information/analyst-coverage,turn63view0
ASML,Kepler Cheuvreux,Ruben DeVos,named_analyst,Brussels,2026-07-20,2026-10-05,https://investor.asml.com/share-information/analyst-coverage,turn63view0
ASML,Mizuho,Kevin Wang,named_analyst,Hong Kong,2026-07-20,2026-10-05,https://investor.asml.com/share-information/analyst-coverage,turn63view0
ASML,Morgan Stanley,Lee Simpson,named_analyst,London,2026-07-20,2026-10-05,https://investor.asml.com/share-information/analyst-coverage,turn63view0
ASML,Morningstar,Javier Correonero,named_analyst,Amsterdam,2026-07-20,2026-10-05,https://investor.asml.com/share-information/analyst-coverage,turn63view0
ASML,New Street research,Pierre Feragu,named_analyst,New York,2026-07-20,2026-10-05,https://investor.asml.com/share-information/analyst-coverage,turn63view0
ASML,RBC,Srini Pajjuri,named_analyst,San Francisco,2026-07-20,2026-10-05,https://investor.asml.com/share-information/analyst-coverage,turn63view0
ASML,Rothschild & Co Redburn,Timm Schulze-Melander,named_analyst,London,2026-07-20,2026-10-05,https://investor.asml.com/share-information/analyst-coverage,turn63view0
ASML,Santander,Carlos Treviño Peinador,named_analyst,Madrid,2026-07-20,2026-10-05,https://investor.asml.com/share-information/analyst-coverage,turn63view0
ASML,Susquehanna,Mehdi Hosseini,named_analyst,San Francisco,2026-07-20,2026-10-05,https://investor.asml.com/share-information/analyst-coverage,turn63view0
ASML,Technology Advisory Group,Warren Lau,named_analyst,Hong Kong,2026-07-20,2026-10-05,https://investor.asml.com/share-information/analyst-coverage,turn63view0
ASML,UBS,Francois-Xavier Bouvignies,named_analyst,London,2026-07-20,2026-10-05,https://investor.asml.com/share-information/analyst-coverage,turn63view0
ASML,Van Lanschot-Kempen,Jeremy Kincaid,named_analyst,Amsterdam,2026-07-20,2026-10-05,https://investor.asml.com/share-information/analyst-coverage,turn63view0
ASML,Wells Fargo,Joe Quatrochi,named_analyst,St. Louis,2026-07-20,2026-10-05,https://investor.asml.com/share-information/analyst-coverage,turn63view0
ASML,Wolfe Research,Chris Caso,named_analyst,New York,2026-07-20,2026-10-05,https://investor.asml.com/share-information/analyst-coverage,turn63view0
Applied Materials,Arete Research,Jim Fontanelli,named_analyst,Not sourced,date not stated on source; retrieved 2026-10-05,2026-10-05,https://ir.appliedmaterials.com/stock-information/analyst-coverage,turn23view0
Applied Materials,Argus Research,Jim Kelleher,named_analyst,Not sourced,date not stated on source; retrieved 2026-10-05,2026-10-05,https://ir.appliedmaterials.com/stock-information/analyst-coverage,turn23view0
Applied Materials,B. Riley,Craig Ellis,named_analyst,Not sourced,date not stated on source; retrieved 2026-10-05,2026-10-05,https://ir.appliedmaterials.com/stock-information/analyst-coverage,turn23view0
Applied Materials,Barclays,Tom O'Malley,named_analyst,Not sourced,date not stated on source; retrieved 2026-10-05,2026-10-05,https://ir.appliedmaterials.com/stock-information/analyst-coverage,turn23view0
Applied Materials,Berenberg,Tammy Qiu,named_analyst,Not sourced,date not stated on source; retrieved 2026-10-05,2026-10-05,https://ir.appliedmaterials.com/stock-information/analyst-coverage,turn23view0
Applied Materials,Bernstein,Stacy Rasgon,named_analyst,Not sourced,date not stated on source; retrieved 2026-10-05,2026-10-05,https://ir.appliedmaterials.com/stock-information/analyst-coverage,turn23view0
Applied Materials,Bank of America,Vivek Arya,named_analyst,Not sourced,date not stated on source; retrieved 2026-10-05,2026-10-05,https://ir.appliedmaterials.com/stock-information/analyst-coverage,turn23view0
Applied Materials,Cantor Fitzgerald,CJ Muse,named_analyst,Not sourced,date not stated on source; retrieved 2026-10-05,2026-10-05,https://ir.appliedmaterials.com/stock-information/analyst-coverage,turn23view0
Applied Materials,Citi,Atif Malik,named_analyst,Not sourced,date not stated on source; retrieved 2026-10-05,2026-10-05,https://ir.appliedmaterials.com/stock-information/analyst-coverage,turn23view0
Applied Materials,Cleveland Research,Chandler Converse,named_analyst,Not sourced,date not stated on source; retrieved 2026-10-05,2026-10-05,https://ir.appliedmaterials.com/stock-information/analyst-coverage,turn23view0
Applied Materials,Craig Hallum,Christian Schwab,named_analyst,Not sourced,date not stated on source; retrieved 2026-10-05,2026-10-05,https://ir.appliedmaterials.com/stock-information/analyst-coverage,turn23view0
Applied Materials,Daiwa,Louis Miscioscia,named_analyst,Not sourced,date not stated on source; retrieved 2026-10-05,2026-10-05,https://ir.appliedmaterials.com/stock-information/analyst-coverage,turn23view0
Applied Materials,Deutsche Bank,Melissa Weathers,named_analyst,Not sourced,date not stated on source; retrieved 2026-10-05,2026-10-05,https://ir.appliedmaterials.com/stock-information/analyst-coverage,turn23view0
Applied Materials,Evercore,Mark Lipacis,named_analyst,Not sourced,date not stated on source; retrieved 2026-10-05,2026-10-05,https://ir.appliedmaterials.com/stock-information/analyst-coverage,turn23view0
Applied Materials,Goldman Sachs,James Schneider,named_analyst,Not sourced,date not stated on source; retrieved 2026-10-05,2026-10-05,https://ir.appliedmaterials.com/stock-information/analyst-coverage,turn23view0
Applied Materials,Jefferies,Blayne Curtis,named_analyst,Not sourced,date not stated on source; retrieved 2026-10-05,2026-10-05,https://ir.appliedmaterials.com/stock-information/analyst-coverage,turn23view0
Applied Materials,JP Morgan,Harlan Sur,named_analyst,Not sourced,date not stated on source; retrieved 2026-10-05,2026-10-05,https://ir.appliedmaterials.com/stock-information/analyst-coverage,turn23view0
Applied Materials,KeyBanc,Steve Barger,named_analyst,Not sourced,date not stated on source; retrieved 2026-10-05,2026-10-05,https://ir.appliedmaterials.com/stock-information/analyst-coverage,turn23view0
Applied Materials,Mizuho,Vijay Rakesh,named_analyst,Not sourced,date not stated on source; retrieved 2026-10-05,2026-10-05,https://ir.appliedmaterials.com/stock-information/analyst-coverage,turn23view0
Applied Materials,Morgan Stanley,Shane Brett,named_analyst,Not sourced,date not stated on source; retrieved 2026-10-05,2026-10-05,https://ir.appliedmaterials.com/stock-information/analyst-coverage,turn23view0
Applied Materials,Morningstar,Will Kerwin,named_analyst,Not sourced,date not stated on source; retrieved 2026-10-05,2026-10-05,https://ir.appliedmaterials.com/stock-information/analyst-coverage,turn23view0
Applied Materials,Needham,Charles Shi,named_analyst,Not sourced,date not stated on source; retrieved 2026-10-05,2026-10-05,https://ir.appliedmaterials.com/stock-information/analyst-coverage,turn23view0
Applied Materials,New Street Research,Pierre Ferragu,named_analyst,Not sourced,date not stated on source; retrieved 2026-10-05,2026-10-05,https://ir.appliedmaterials.com/stock-information/analyst-coverage,turn23view0
Applied Materials,RBC Capital Markets,Srini Pajjuri,named_analyst,Not sourced,date not stated on source; retrieved 2026-10-05,2026-10-05,https://ir.appliedmaterials.com/stock-information/analyst-coverage,turn23view0
Applied Materials,Redburn Atlantic,Timm Schulze-Melander,named_analyst,Not sourced,date not stated on source; retrieved 2026-10-05,2026-10-05,https://ir.appliedmaterials.com/stock-information/analyst-coverage,turn23view0
Applied Materials,Stifel,Brian Chin,named_analyst,Not sourced,date not stated on source; retrieved 2026-10-05,2026-10-05,https://ir.appliedmaterials.com/stock-information/analyst-coverage,turn23view0
Applied Materials,Susquehanna,Mehdi Hosseini,named_analyst,Not sourced,date not stated on source; retrieved 2026-10-05,2026-10-05,https://ir.appliedmaterials.com/stock-information/analyst-coverage,turn23view0
Applied Materials,TD Cowen,Krish Sankar,named_analyst,Not sourced,date not stated on source; retrieved 2026-10-05,2026-10-05,https://ir.appliedmaterials.com/stock-information/analyst-coverage,turn23view0
Applied Materials,UBS,Tim Arcuri,named_analyst,Not sourced,date not stated on source; retrieved 2026-10-05,2026-10-05,https://ir.appliedmaterials.com/stock-information/analyst-coverage,turn23view0
Applied Materials,Wells Fargo,Joe Quatrochi,named_analyst,Not sourced,date not stated on source; retrieved 2026-10-05,2026-10-05,https://ir.appliedmaterials.com/stock-information/analyst-coverage,turn23view0
Applied Materials,William Blair,Sebastien Naji,named_analyst,Not sourced,date not stated on source; retrieved 2026-10-05,2026-10-05,https://ir.appliedmaterials.com/stock-information/analyst-coverage,turn23view0
Applied Materials,Wolfe Research,Chris Caso,named_analyst,Not sourced,date not stated on source; retrieved 2026-10-05,2026-10-05,https://ir.appliedmaterials.com/stock-information/analyst-coverage,turn23view0
Arista,Bank of America,Tal Liani,named_analyst,Not sourced,date not stated on source; retrieved 2026-10-05,2026-10-05,https://investors.arista.com/Stock-Information/default.aspx?section=analystcoverage,turn62view0
Arista,Barclays,Tim Long,named_analyst,Not sourced,date not stated on source; retrieved 2026-10-05,2026-10-05,https://investors.arista.com/Stock-Information/default.aspx?section=analystcoverage,turn62view0
Arista,Bloomberg,Woo Jin Ho,named_analyst,Not sourced,date not stated on source; retrieved 2026-10-05,2026-10-05,https://investors.arista.com/Stock-Information/default.aspx?section=analystcoverage,turn62view0
Arista,BNP Paribas,Karl Ackerman,named_analyst,Not sourced,date not stated on source; retrieved 2026-10-05,2026-10-05,https://investors.arista.com/Stock-Information/default.aspx?section=analystcoverage,turn62view0
Arista,Citi,Atif Malik,named_analyst,Not sourced,date not stated on source; retrieved 2026-10-05,2026-10-05,https://investors.arista.com/Stock-Information/default.aspx?section=analystcoverage,turn62view0
Arista,Cleveland Research Company,Ben Bollin,named_analyst,Not sourced,date not stated on source; retrieved 2026-10-05,2026-10-05,https://investors.arista.com/Stock-Information/default.aspx?section=analystcoverage,turn62view0
Arista,Deutsche Bank,Matthew Niknam,named_analyst,Not sourced,date not stated on source; retrieved 2026-10-05,2026-10-05,https://investors.arista.com/Stock-Information/default.aspx?section=analystcoverage,turn62view0
Arista,Evercore,Amit Daryanani,named_analyst,Not sourced,date not stated on source; retrieved 2026-10-05,2026-10-05,https://investors.arista.com/Stock-Information/default.aspx?section=analystcoverage,turn62view0
Arista,Goldman Sachs,Michael Ng,named_analyst,Not sourced,date not stated on source; retrieved 2026-10-05,2026-10-05,https://investors.arista.com/Stock-Information/default.aspx?section=analystcoverage,turn62view0
Arista,Jefferies,George Notter,named_analyst,Not sourced,date not stated on source; retrieved 2026-10-05,2026-10-05,https://investors.arista.com/Stock-Information/default.aspx?section=analystcoverage,turn62view0
Arista,JP Morgan,Samik Chatterjee,named_analyst,Not sourced,date not stated on source; retrieved 2026-10-05,2026-10-05,https://investors.arista.com/Stock-Information/default.aspx?section=analystcoverage,turn62view0
Arista,Melius Research,Ben Reitzes,named_analyst,Not sourced,date not stated on source; retrieved 2026-10-05,2026-10-05,https://investors.arista.com/Stock-Information/default.aspx?section=analystcoverage,turn62view0
Arista,Morgan Stanley,Meta Marshall,named_analyst,Not sourced,date not stated on source; retrieved 2026-10-05,2026-10-05,https://investors.arista.com/Stock-Information/default.aspx?section=analystcoverage,turn62view0
Arista,Needham & Co.,Ryan Koontz,named_analyst,Not sourced,date not stated on source; retrieved 2026-10-05,2026-10-05,https://investors.arista.com/Stock-Information/default.aspx?section=analystcoverage,turn62view0
Arista,New Street,Pierre Ferragu,named_analyst,Not sourced,date not stated on source; retrieved 2026-10-05,2026-10-05,https://investors.arista.com/Stock-Information/default.aspx?section=analystcoverage,turn62view0
Arista,Piper Sandler,James E. Fish,named_analyst,Not sourced,date not stated on source; retrieved 2026-10-05,2026-10-05,https://investors.arista.com/Stock-Information/default.aspx?section=analystcoverage,turn62view0
Arista,Raymond James,Simon Leopold,named_analyst,Not sourced,date not stated on source; retrieved 2026-10-05,2026-10-05,https://investors.arista.com/Stock-Information/default.aspx?section=analystcoverage,turn62view0
Arista,Rosenblatt Securities,Mike Genovese,named_analyst,Not sourced,date not stated on source; retrieved 2026-10-05,2026-10-05,https://investors.arista.com/Stock-Information/default.aspx?section=analystcoverage,turn62view0
Arista,UBS,David Vogt,named_analyst,Not sourced,date not stated on source; retrieved 2026-10-05,2026-10-05,https://investors.arista.com/Stock-Information/default.aspx?section=analystcoverage,turn62view0
Arista,Wells Fargo,Aaron Rakers,named_analyst,Not sourced,date not stated on source; retrieved 2026-10-05,2026-10-05,https://investors.arista.com/Stock-Information/default.aspx?section=analystcoverage,turn62view0
Arista,William Blair & Company,Jason Ader,named_analyst,Not sourced,date not stated on source; retrieved 2026-10-05,2026-10-05,https://investors.arista.com/Stock-Information/default.aspx?section=analystcoverage,turn62view0
Baidu,86Research Ltd.,Xueru Zhang,named_analyst,Not sourced,date not stated on source; retrieved 2026-10-05,2026-10-05,https://ir.baidu.com/stock-information/analyst-coverage,turn59view0
Baidu,Bank of China International Ltd,Michael Meng,named_analyst,Not sourced,date not stated on source; retrieved 2026-10-05,2026-10-05,https://ir.baidu.com/stock-information/analyst-coverage,turn59view0
Baidu,Barclays,Jiong Shao,named_analyst,Not sourced,date not stated on source; retrieved 2026-10-05,2026-10-05,https://ir.baidu.com/stock-information/analyst-coverage,turn59view0
Baidu,Benchmark Company LLC,Fawne Jiang,named_analyst,Not sourced,date not stated on source; retrieved 2026-10-05,2026-10-05,https://ir.baidu.com/stock-information/analyst-coverage,turn59view0
Baidu,BofA Merrill Lynch,Miranda Zhuang,named_analyst,Not sourced,date not stated on source; retrieved 2026-10-05,2026-10-05,https://ir.baidu.com/stock-information/analyst-coverage,turn59view0
Baidu,CCB International,Cathy Chan,named_analyst,Not sourced,date not stated on source; retrieved 2026-10-05,2026-10-05,https://ir.baidu.com/stock-information/analyst-coverage,turn59view0
Baidu,China Renaissance,Ella Ji,named_analyst,Not sourced,date not stated on source; retrieved 2026-10-05,2026-10-05,https://ir.baidu.com/stock-information/analyst-coverage,turn59view0
Baidu,CICC,Yang Bai,named_analyst,Not sourced,date not stated on source; retrieved 2026-10-05,2026-10-05,https://ir.baidu.com/stock-information/analyst-coverage,turn59view0
Baidu,Citi,Alicia Yap,named_analyst,Not sourced,date not stated on source; retrieved 2026-10-05,2026-10-05,https://ir.baidu.com/stock-information/analyst-coverage,turn59view0
Baidu,Citic Securities,Yingbo Xu,named_analyst,Not sourced,date not stated on source; retrieved 2026-10-05,2026-10-05,https://ir.baidu.com/stock-information/analyst-coverage,turn59view0
Baidu,CLSA,Elinor Leung,named_analyst,Not sourced,date not stated on source; retrieved 2026-10-05,2026-10-05,https://ir.baidu.com/stock-information/analyst-coverage,turn59view0
Baidu,CMB International,Saiyi He,named_analyst,Not sourced,date not stated on source; retrieved 2026-10-05,2026-10-05,https://ir.baidu.com/stock-information/analyst-coverage,turn59view0
Baidu,Daiwa,John Choi,named_analyst,Not sourced,date not stated on source; retrieved 2026-10-05,2026-10-05,https://ir.baidu.com/stock-information/analyst-coverage,turn59view0
Baidu,Deutsche Bank,Leo Chiang,named_analyst,Not sourced,date not stated on source; retrieved 2026-10-05,2026-10-05,https://ir.baidu.com/stock-information/analyst-coverage,turn59view0
Baidu,GF Securities,Shi Kuang,named_analyst,Not sourced,date not stated on source; retrieved 2026-10-05,2026-10-05,https://ir.baidu.com/stock-information/analyst-coverage,turn59view0
Baidu,ICBC,Zeping Zhao,named_analyst,Not sourced,date not stated on source; retrieved 2026-10-05,2026-10-05,https://ir.baidu.com/stock-information/analyst-coverage,turn59view0
Baidu,Goldman Sachs,LincoIn Kong,named_analyst,Not sourced,date not stated on source; retrieved 2026-10-05,2026-10-05,https://ir.baidu.com/stock-information/analyst-coverage,turn59view0
Baidu,Haitong International,Daisy Chen,named_analyst,Not sourced,date not stated on source; retrieved 2026-10-05,2026-10-05,https://ir.baidu.com/stock-information/analyst-coverage,turn59view0
Baidu,HSBC,Charlene Liu,named_analyst,Not sourced,date not stated on source; retrieved 2026-10-05,2026-10-05,https://ir.baidu.com/stock-information/analyst-coverage,turn59view0
Baidu,Huatai Securities,Lulu Xia,named_analyst,Not sourced,date not stated on source; retrieved 2026-10-05,2026-10-05,https://ir.baidu.com/stock-information/analyst-coverage,turn59view0
Baidu,J.P. Morgan,Alex Yao,named_analyst,Not sourced,date not stated on source; retrieved 2026-10-05,2026-10-05,https://ir.baidu.com/stock-information/analyst-coverage,turn59view0
Baidu,Jefferies,Thomas Chong,named_analyst,Not sourced,date not stated on source; retrieved 2026-10-05,2026-10-05,https://ir.baidu.com/stock-information/analyst-coverage,turn59view0
Baidu,Macquarie,Ellie Jiang,named_analyst,Not sourced,date not stated on source; retrieved 2026-10-05,2026-10-05,https://ir.baidu.com/stock-information/analyst-coverage,turn59view0
Baidu,Mizuho,James Lee,named_analyst,Not sourced,date not stated on source; retrieved 2026-10-05,2026-10-05,https://ir.baidu.com/stock-information/analyst-coverage,turn59view0
Baidu,Morgan Stanley,Gary Yu,named_analyst,Not sourced,date not stated on source; retrieved 2026-10-05,2026-10-05,https://ir.baidu.com/stock-information/analyst-coverage,turn59view0
Baidu,Morningstar,Kai Wang,named_analyst,Not sourced,date not stated on source; retrieved 2026-10-05,2026-10-05,https://ir.baidu.com/stock-information/analyst-coverage,turn59view0
Baidu,New Street Research,Jin Yoon,named_analyst,Not sourced,date not stated on source; retrieved 2026-10-05,2026-10-05,https://ir.baidu.com/stock-information/analyst-coverage,turn59view0
Baidu,Nomura,Jialong Shi,named_analyst,Not sourced,date not stated on source; retrieved 2026-10-05,2026-10-05,https://ir.baidu.com/stock-information/analyst-coverage,turn59view0
Baidu,Susquehanna,Shyam Patil,named_analyst,Not sourced,date not stated on source; retrieved 2026-10-05,2026-10-05,https://ir.baidu.com/stock-information/analyst-coverage,turn59view0
Baidu,TH Capital,Tian Hou,named_analyst,Not sourced,date not stated on source; retrieved 2026-10-05,2026-10-05,https://ir.baidu.com/stock-information/analyst-coverage,turn59view0
Baidu,UBS,Wei Xiong / Kenneth Fong,named_analyst,Not sourced,date not stated on source; retrieved 2026-10-05,2026-10-05,https://ir.baidu.com/stock-information/analyst-coverage,turn59view0
Baidu,US Tiger,Bo Pei,named_analyst,Not sourced,date not stated on source; retrieved 2026-10-05,2026-10-05,https://ir.baidu.com/stock-information/analyst-coverage,turn59view0
Cisco,BofA Securities,Tal Liani,named_analyst,Not sourced,date not stated on source; retrieved 2026-10-05,2026-10-05,https://investor.cisco.com/stock-info/analyst-coverage/default.aspx,browser-crawl 2026-10-05
Cisco,Barclays,Tim Long,named_analyst,Not sourced,date not stated on source; retrieved 2026-10-05,2026-10-05,https://investor.cisco.com/stock-info/analyst-coverage/default.aspx,browser-crawl 2026-10-05
Cisco,Bloomberg,Woo Jin Ho,named_analyst,Not sourced,date not stated on source; retrieved 2026-10-05,2026-10-05,https://investor.cisco.com/stock-info/analyst-coverage/default.aspx,browser-crawl 2026-10-05
Cisco,BNP Paribas Exane,Karl Ackerman,named_analyst,Not sourced,date not stated on source; retrieved 2026-10-05,2026-10-05,https://investor.cisco.com/stock-info/analyst-coverage/default.aspx,browser-crawl 2026-10-05
Cisco,Citi,Atif Malik,named_analyst,Not sourced,date not stated on source; retrieved 2026-10-05,2026-10-05,https://investor.cisco.com/stock-info/analyst-coverage/default.aspx,browser-crawl 2026-10-05
Cisco,Cleveland Research,Ben Bollin,named_analyst,Not sourced,date not stated on source; retrieved 2026-10-05,2026-10-05,https://investor.cisco.com/stock-info/analyst-coverage/default.aspx,browser-crawl 2026-10-05
Cisco,Evercore/ISI,Amit Daryanani,named_analyst,Not sourced,date not stated on source; retrieved 2026-10-05,2026-10-05,https://investor.cisco.com/stock-info/analyst-coverage/default.aspx,browser-crawl 2026-10-05
Cisco,Goldman Sachs,Michael Ng,named_analyst,Not sourced,date not stated on source; retrieved 2026-10-05,2026-10-05,https://investor.cisco.com/stock-info/analyst-coverage/default.aspx,browser-crawl 2026-10-05
Cisco,HSBC,Stephen Bersey,named_analyst,Not sourced,date not stated on source; retrieved 2026-10-05,2026-10-05,https://investor.cisco.com/stock-info/analyst-coverage/default.aspx,browser-crawl 2026-10-05
Cisco,JP Morgan,Samik Chatterjee,named_analyst,Not sourced,date not stated on source; retrieved 2026-10-05,2026-10-05,https://investor.cisco.com/stock-info/analyst-coverage/default.aspx,browser-crawl 2026-10-05
Cisco,Melius Research,Ben Reitzes,named_analyst,Not sourced,date not stated on source; retrieved 2026-10-05,2026-10-05,https://investor.cisco.com/stock-info/analyst-coverage/default.aspx,browser-crawl 2026-10-05
Cisco,Morgan Stanley,Meta Marshall,named_analyst,Not sourced,date not stated on source; retrieved 2026-10-05,2026-10-05,https://investor.cisco.com/stock-info/analyst-coverage/default.aspx,browser-crawl 2026-10-05
Cisco,Morning Star,William Kerwin,named_analyst,Not sourced,date not stated on source; retrieved 2026-10-05,2026-10-05,https://investor.cisco.com/stock-info/analyst-coverage/default.aspx,browser-crawl 2026-10-05
Cisco,New Street,Pierre Ferragu,named_analyst,Not sourced,date not stated on source; retrieved 2026-10-05,2026-10-05,https://investor.cisco.com/stock-info/analyst-coverage/default.aspx,browser-crawl 2026-10-05
Cisco,Piper Sandler,Jim Fish,named_analyst,Not sourced,date not stated on source; retrieved 2026-10-05,2026-10-05,https://investor.cisco.com/stock-info/analyst-coverage/default.aspx,browser-crawl 2026-10-05
Cisco,Raymond James,Simon Leopold,named_analyst,Not sourced,date not stated on source; retrieved 2026-10-05,2026-10-05,https://investor.cisco.com/stock-info/analyst-coverage/default.aspx,browser-crawl 2026-10-05
Cisco,Rosenblatt,Mike Genovese,named_analyst,Not sourced,date not stated on source; retrieved 2026-10-05,2026-10-05,https://investor.cisco.com/stock-info/analyst-coverage/default.aspx,browser-crawl 2026-10-05
Cisco,UBS,David Vogt,named_analyst,Not sourced,date not stated on source; retrieved 2026-10-05,2026-10-05,https://investor.cisco.com/stock-info/analyst-coverage/default.aspx,browser-crawl 2026-10-05
Cisco,Wells Fargo,Aaron Rakers,named_analyst,Not sourced,date not stated on source; retrieved 2026-10-05,2026-10-05,https://investor.cisco.com/stock-info/analyst-coverage/default.aspx,browser-crawl 2026-10-05
Cisco,William Blair,Sebastien Naji,named_analyst,Not sourced,date not stated on source; retrieved 2026-10-05,2026-10-05,https://investor.cisco.com/stock-info/analyst-coverage/default.aspx,browser-crawl 2026-10-05
Cisco,Wolfe Research,George Notter,named_analyst,Not sourced,date not stated on source; retrieved 2026-10-05,2026-10-05,https://investor.cisco.com/stock-info/analyst-coverage/default.aspx,browser-crawl 2026-10-05
CoreWeave,Arete Research,Andrew Beale,named_analyst,Not sourced,date not stated on source; retrieved 2026-10-05,2026-10-05,https://investors.coreweave.com/stock-info/analyst-coverage/default.aspx,browser-crawl 2026-10-05
CoreWeave,Argus,Jim Kelleher,named_analyst,Not sourced,date not stated on source; retrieved 2026-10-05,2026-10-05,https://investors.coreweave.com/stock-info/analyst-coverage/default.aspx,browser-crawl 2026-10-05
CoreWeave,Barclays,Raimo Lenschow,named_analyst,Not sourced,date not stated on source; retrieved 2026-10-05,2026-10-05,https://investors.coreweave.com/stock-info/analyst-coverage/default.aspx,browser-crawl 2026-10-05
CoreWeave,Bank of America,Tal Liani,named_analyst,Not sourced,date not stated on source; retrieved 2026-10-05,2026-10-05,https://investors.coreweave.com/stock-info/analyst-coverage/default.aspx,browser-crawl 2026-10-05
CoreWeave,Bernstein Research,Madison Rezaei,named_analyst,Not sourced,date not stated on source; retrieved 2026-10-05,2026-10-05,https://investors.coreweave.com/stock-info/analyst-coverage/default.aspx,browser-crawl 2026-10-05
CoreWeave,BNP Paribas,Dan Wang,named_analyst,Not sourced,date not stated on source; retrieved 2026-10-05,2026-10-05,https://investors.coreweave.com/stock-info/analyst-coverage/default.aspx,browser-crawl 2026-10-05
CoreWeave,BTG Pactual,Osni Carfi,named_analyst,Not sourced,date not stated on source; retrieved 2026-10-05,2026-10-05,https://investors.coreweave.com/stock-info/analyst-coverage/default.aspx,browser-crawl 2026-10-05
CoreWeave,Cantor,Brett Knoblauch,named_analyst,Not sourced,date not stated on source; retrieved 2026-10-05,2026-10-05,https://investors.coreweave.com/stock-info/analyst-coverage/default.aspx,browser-crawl 2026-10-05
CoreWeave,Citi,Tyler Radke,named_analyst,Not sourced,date not stated on source; retrieved 2026-10-05,2026-10-05,https://investors.coreweave.com/stock-info/analyst-coverage/default.aspx,browser-crawl 2026-10-05
CoreWeave,Citizens JMP,Greg Miller,named_analyst,Not sourced,date not stated on source; retrieved 2026-10-05,2026-10-05,https://investors.coreweave.com/stock-info/analyst-coverage/default.aspx,browser-crawl 2026-10-05
CoreWeave,Compass Point,Michael Donovan,named_analyst,Not sourced,date not stated on source; retrieved 2026-10-05,2026-10-05,https://investors.coreweave.com/stock-info/analyst-coverage/default.aspx,browser-crawl 2026-10-05
CoreWeave,D.A. Davidson,Gil Luria,named_analyst,Not sourced,date not stated on source; retrieved 2026-10-05,2026-10-05,https://investors.coreweave.com/stock-info/analyst-coverage/default.aspx,browser-crawl 2026-10-05
CoreWeave,Deutsche Bank,Brad Zelnik,named_analyst,Not sourced,date not stated on source; retrieved 2026-10-05,2026-10-05,https://investors.coreweave.com/stock-info/analyst-coverage/default.aspx,browser-crawl 2026-10-05
CoreWeave,Evercore,Amit Daryanani,named_analyst,Not sourced,date not stated on source; retrieved 2026-10-05,2026-10-05,https://investors.coreweave.com/stock-info/analyst-coverage/default.aspx,browser-crawl 2026-10-05
CoreWeave,Freedom Capital,Paul Meeks,named_analyst,Not sourced,date not stated on source; retrieved 2026-10-05,2026-10-05,https://investors.coreweave.com/stock-info/analyst-coverage/default.aspx,browser-crawl 2026-10-05
CoreWeave,Goldman Sachs,Gabriela Borges,named_analyst,Not sourced,date not stated on source; retrieved 2026-10-05,2026-10-05,https://investors.coreweave.com/stock-info/analyst-coverage/default.aspx,browser-crawl 2026-10-05
CoreWeave,HSBC,Abhishek Shukla,named_analyst,Not sourced,date not stated on source; retrieved 2026-10-05,2026-10-05,https://investors.coreweave.com/stock-info/analyst-coverage/default.aspx,browser-crawl 2026-10-05
CoreWeave,Jefferies,Brent Thill,named_analyst,Not sourced,date not stated on source; retrieved 2026-10-05,2026-10-05,https://investors.coreweave.com/stock-info/analyst-coverage/default.aspx,browser-crawl 2026-10-05
CoreWeave,J.P. Morgan,Samik Chatterjee,named_analyst,Not sourced,date not stated on source; retrieved 2026-10-05,2026-10-05,https://investors.coreweave.com/stock-info/analyst-coverage/default.aspx,browser-crawl 2026-10-05
CoreWeave,Loop Capital,Ananda Baruah,named_analyst,Not sourced,date not stated on source; retrieved 2026-10-05,2026-10-05,https://investors.coreweave.com/stock-info/analyst-coverage/default.aspx,browser-crawl 2026-10-05
CoreWeave,Macquarie,Paul Golding,named_analyst,Not sourced,date not stated on source; retrieved 2026-10-05,2026-10-05,https://investors.coreweave.com/stock-info/analyst-coverage/default.aspx,browser-crawl 2026-10-05
CoreWeave,Melius Research,Ben Reitzes,named_analyst,Not sourced,date not stated on source; retrieved 2026-10-05,2026-10-05,https://investors.coreweave.com/stock-info/analyst-coverage/default.aspx,browser-crawl 2026-10-05
CoreWeave,Mizuho,Gregg Moskowitz,named_analyst,Not sourced,date not stated on source; retrieved 2026-10-05,2026-10-05,https://investors.coreweave.com/stock-info/analyst-coverage/default.aspx,browser-crawl 2026-10-05
CoreWeave,Moffett Nathanson,Nick Del Deo,named_analyst,Not sourced,date not stated on source; retrieved 2026-10-05,2026-10-05,https://investors.coreweave.com/stock-info/analyst-coverage/default.aspx,browser-crawl 2026-10-05
CoreWeave,Morgan Stanley,Ryan Lountzis,named_analyst,Not sourced,date not stated on source; retrieved 2026-10-05,2026-10-05,https://investors.coreweave.com/stock-info/analyst-coverage/default.aspx,browser-crawl 2026-10-05
CoreWeave,Needham,John Todaro,named_analyst,Not sourced,date not stated on source; retrieved 2026-10-05,2026-10-05,https://investors.coreweave.com/stock-info/analyst-coverage/default.aspx,browser-crawl 2026-10-05
CoreWeave,Northland,Nehal Chokshi,named_analyst,Not sourced,date not stated on source; retrieved 2026-10-05,2026-10-05,https://investors.coreweave.com/stock-info/analyst-coverage/default.aspx,browser-crawl 2026-10-05
CoreWeave,Oppenheimer,Param Singh,named_analyst,Not sourced,date not stated on source; retrieved 2026-10-05,2026-10-05,https://investors.coreweave.com/stock-info/analyst-coverage/default.aspx,browser-crawl 2026-10-05
CoreWeave,Piper Sandler,James Fish,named_analyst,Not sourced,date not stated on source; retrieved 2026-10-05,2026-10-05,https://investors.coreweave.com/stock-info/analyst-coverage/default.aspx,browser-crawl 2026-10-05
CoreWeave,Raymond James,Josh Beck,named_analyst,Not sourced,date not stated on source; retrieved 2026-10-05,2026-10-05,https://investors.coreweave.com/stock-info/analyst-coverage/default.aspx,browser-crawl 2026-10-05
CoreWeave,Rosenblatt,John McPeake,named_analyst,Not sourced,date not stated on source; retrieved 2026-10-05,2026-10-05,https://investors.coreweave.com/stock-info/analyst-coverage/default.aspx,browser-crawl 2026-10-05
CoreWeave,Rothschild & Co Redburn,Alex Heissl,named_analyst,Not sourced,date not stated on source; retrieved 2026-10-05,2026-10-05,https://investors.coreweave.com/stock-info/analyst-coverage/default.aspx,browser-crawl 2026-10-05
CoreWeave,Seaport,Jay Goldberg,named_analyst,Not sourced,date not stated on source; retrieved 2026-10-05,2026-10-05,https://investors.coreweave.com/stock-info/analyst-coverage/default.aspx,browser-crawl 2026-10-05
CoreWeave,Stifel,Ruben Roy,named_analyst,Not sourced,date not stated on source; retrieved 2026-10-05,2026-10-05,https://investors.coreweave.com/stock-info/analyst-coverage/default.aspx,browser-crawl 2026-10-05
CoreWeave,Truist,Arvind Ramnani,named_analyst,Not sourced,date not stated on source; retrieved 2026-10-05,2026-10-05,https://investors.coreweave.com/stock-info/analyst-coverage/default.aspx,browser-crawl 2026-10-05
CoreWeave,UBS,Karl Keirstead,named_analyst,Not sourced,date not stated on source; retrieved 2026-10-05,2026-10-05,https://investors.coreweave.com/stock-info/analyst-coverage/default.aspx,browser-crawl 2026-10-05
CoreWeave,Wells Fargo,Michael Turrin,named_analyst,Not sourced,date not stated on source; retrieved 2026-10-05,2026-10-05,https://investors.coreweave.com/stock-info/analyst-coverage/default.aspx,browser-crawl 2026-10-05
CoreWeave,Wolfe,Arsenije Matovic,named_analyst,Not sourced,date not stated on source; retrieved 2026-10-05,2026-10-05,https://investors.coreweave.com/stock-info/analyst-coverage/default.aspx,browser-crawl 2026-10-05
Digital Realty,Argus Research,Marie Ferguson,named_analyst,Not sourced,date not stated on source; retrieved 2026-10-05,2026-10-05,https://investor.digitalrealty.com/stock/analyst-coverage,turn58view0
Digital Realty,Bank of America Merrill Lynch,Michael Funk,named_analyst,Not sourced,date not stated on source; retrieved 2026-10-05,2026-10-05,https://investor.digitalrealty.com/stock/analyst-coverage,turn58view0
Digital Realty,Barclays,Brendan Lynch,named_analyst,Not sourced,date not stated on source; retrieved 2026-10-05,2026-10-05,https://investor.digitalrealty.com/stock/analyst-coverage,turn58view0
Digital Realty,Bernstein,Madison Rezaei,named_analyst,Not sourced,date not stated on source; retrieved 2026-10-05,2026-10-05,https://investor.digitalrealty.com/stock/analyst-coverage,turn58view0
Digital Realty,BMO Capital Markets,Ari Klein,named_analyst,Not sourced,date not stated on source; retrieved 2026-10-05,2026-10-05,https://investor.digitalrealty.com/stock/analyst-coverage,turn58view0
Digital Realty,BNP Paribas Exane,Nate Crossett,named_analyst,Not sourced,date not stated on source; retrieved 2026-10-05,2026-10-05,https://investor.digitalrealty.com/stock/analyst-coverage,turn58view0
Digital Realty,Cantor,Brett Knoblauch,named_analyst,Not sourced,date not stated on source; retrieved 2026-10-05,2026-10-05,https://investor.digitalrealty.com/stock/analyst-coverage,turn58view0
Digital Realty,Citigroup,Michael Rollins,named_analyst,Not sourced,date not stated on source; retrieved 2026-10-05,2026-10-05,https://investor.digitalrealty.com/stock/analyst-coverage,turn58view0
Digital Realty,Citizens JMP Securities,Greg Miller,named_analyst,Not sourced,date not stated on source; retrieved 2026-10-05,2026-10-05,https://investor.digitalrealty.com/stock/analyst-coverage,turn58view0
Digital Realty,Deutsche Bank,Benjamin Soff,named_analyst,Not sourced,date not stated on source; retrieved 2026-10-05,2026-10-05,https://investor.digitalrealty.com/stock/analyst-coverage,turn58view0
Digital Realty,Evercore ISI,Irvin Liu,named_analyst,Not sourced,date not stated on source; retrieved 2026-10-05,2026-10-05,https://investor.digitalrealty.com/stock/analyst-coverage,turn58view0
Digital Realty,Goldman Sachs,Michael Ng,named_analyst,Not sourced,date not stated on source; retrieved 2026-10-05,2026-10-05,https://investor.digitalrealty.com/stock/analyst-coverage,turn58view0
Digital Realty,Green Street Advisors,David Guarino,named_analyst,Not sourced,date not stated on source; retrieved 2026-10-05,2026-10-05,https://investor.digitalrealty.com/stock/analyst-coverage,turn58view0
Digital Realty,Guggenheim,Joseph Osha,named_analyst,Not sourced,date not stated on source; retrieved 2026-10-05,2026-10-05,https://investor.digitalrealty.com/stock/analyst-coverage,turn58view0
Digital Realty,HSBC,Phani Kanumuri,named_analyst,Not sourced,date not stated on source; retrieved 2026-10-05,2026-10-05,https://investor.digitalrealty.com/stock/analyst-coverage,turn58view0
Digital Realty,J.P. Morgan,Richard Choe,named_analyst,Not sourced,date not stated on source; retrieved 2026-10-05,2026-10-05,https://investor.digitalrealty.com/stock/analyst-coverage,turn58view0
Digital Realty,Jefferies,Jonathan Petersen,named_analyst,Not sourced,date not stated on source; retrieved 2026-10-05,2026-10-05,https://investor.digitalrealty.com/stock/analyst-coverage,turn58view0
Digital Realty,KeyBanc,Brandon Nispel,named_analyst,Not sourced,date not stated on source; retrieved 2026-10-05,2026-10-05,https://investor.digitalrealty.com/stock/analyst-coverage,turn58view0
Digital Realty,Mizuho,Vikram Malhotra,named_analyst,Not sourced,date not stated on source; retrieved 2026-10-05,2026-10-05,https://investor.digitalrealty.com/stock/analyst-coverage,turn58view0
Digital Realty,MoffettNathanson,Nick Del Deo,named_analyst,Not sourced,date not stated on source; retrieved 2026-10-05,2026-10-05,https://investor.digitalrealty.com/stock/analyst-coverage,turn58view0
Digital Realty,Morgan Stanley,Cameron McVeigh,named_analyst,Not sourced,date not stated on source; retrieved 2026-10-05,2026-10-05,https://investor.digitalrealty.com/stock/analyst-coverage,turn58view0
Digital Realty,Morningstar,Mark Giarelli,named_analyst,Not sourced,date not stated on source; retrieved 2026-10-05,2026-10-05,https://investor.digitalrealty.com/stock/analyst-coverage,turn58view0
Digital Realty,Oppenheimer,Timothy Horan,named_analyst,Not sourced,date not stated on source; retrieved 2026-10-05,2026-10-05,https://investor.digitalrealty.com/stock/analyst-coverage,turn58view0
Digital Realty,Raymond James,Frank Louthan,named_analyst,Not sourced,date not stated on source; retrieved 2026-10-05,2026-10-05,https://investor.digitalrealty.com/stock/analyst-coverage,turn58view0
Digital Realty,RBC Capital Markets,Jonathan Atkin,named_analyst,Not sourced,date not stated on source; retrieved 2026-10-05,2026-10-05,https://investor.digitalrealty.com/stock/analyst-coverage,turn58view0
Digital Realty,Scotiabank,Maher Yaghi,named_analyst,Not sourced,date not stated on source; retrieved 2026-10-05,2026-10-05,https://investor.digitalrealty.com/stock/analyst-coverage,turn58view0
Digital Realty,Stifel,Erik Rasmussen,named_analyst,Not sourced,date not stated on source; retrieved 2026-10-05,2026-10-05,https://investor.digitalrealty.com/stock/analyst-coverage,turn58view0
Digital Realty,TD Cowen,Michael Elias,named_analyst,Not sourced,date not stated on source; retrieved 2026-10-05,2026-10-05,https://investor.digitalrealty.com/stock/analyst-coverage,turn58view0
Digital Realty,Truist,Matthew Niknam,named_analyst,Not sourced,date not stated on source; retrieved 2026-10-05,2026-10-05,https://investor.digitalrealty.com/stock/analyst-coverage,turn58view0
Digital Realty,UBS,John Hodulik,named_analyst,Not sourced,date not stated on source; retrieved 2026-10-05,2026-10-05,https://investor.digitalrealty.com/stock/analyst-coverage,turn58view0
Digital Realty,Wells Fargo,Eric Luebchow,named_analyst,Not sourced,date not stated on source; retrieved 2026-10-05,2026-10-05,https://investor.digitalrealty.com/stock/analyst-coverage,turn58view0
Digital Realty,Wolfe Research,Andrew Rosivach,named_analyst,Not sourced,date not stated on source; retrieved 2026-10-05,2026-10-05,https://investor.digitalrealty.com/stock/analyst-coverage,turn58view0
Eaton,Barclays,Julian Mitchell,named_analyst,Not sourced,date not stated on source; retrieved 2026-10-05,2026-10-05,https://www.eaton.com/content/eaton/in/en-us/company/investor-relations/investor-toolkit/analyst-coverage.html,turn60view0
Eaton,Bernstein Research,Chad Dillard,named_analyst,Not sourced,date not stated on source; retrieved 2026-10-05,2026-10-05,https://www.eaton.com/content/eaton/in/en-us/company/investor-relations/investor-toolkit/analyst-coverage.html,turn60view0
Eaton,BofA Global Research,Andrew Obin,named_analyst,Not sourced,date not stated on source; retrieved 2026-10-05,2026-10-05,https://www.eaton.com/content/eaton/in/en-us/company/investor-relations/investor-toolkit/analyst-coverage.html,turn60view0
Eaton,Citi,Andrew Kaplowitz,named_analyst,Not sourced,date not stated on source; retrieved 2026-10-05,2026-10-05,https://www.eaton.com/content/eaton/in/en-us/company/investor-relations/investor-toolkit/analyst-coverage.html,turn60view0
Eaton,Deutsche Bank Research,Nicole DeBlase,named_analyst,Not sourced,date not stated on source; retrieved 2026-10-05,2026-10-05,https://www.eaton.com/content/eaton/in/en-us/company/investor-relations/investor-toolkit/analyst-coverage.html,turn60view0
Eaton,Evercore ISI,David Raso,named_analyst,Not sourced,date not stated on source; retrieved 2026-10-05,2026-10-05,https://www.eaton.com/content/eaton/in/en-us/company/investor-relations/investor-toolkit/analyst-coverage.html,turn60view0
Eaton,Goldman Sachs,Joe Ritchie,named_analyst,Not sourced,date not stated on source; retrieved 2026-10-05,2026-10-05,https://www.eaton.com/content/eaton/in/en-us/company/investor-relations/investor-toolkit/analyst-coverage.html,turn60view0
Eaton,HSBC,Sean McLoughlin,named_analyst,Not sourced,date not stated on source; retrieved 2026-10-05,2026-10-05,https://www.eaton.com/content/eaton/in/en-us/company/investor-relations/investor-toolkit/analyst-coverage.html,turn60view0
Eaton,Jefferies,Stephen Volkmann,named_analyst,Not sourced,date not stated on source; retrieved 2026-10-05,2026-10-05,https://www.eaton.com/content/eaton/in/en-us/company/investor-relations/investor-toolkit/analyst-coverage.html,turn60view0
Eaton,JP Morgan,Stephen Tusa,named_analyst,Not sourced,date not stated on source; retrieved 2026-10-05,2026-10-05,https://www.eaton.com/content/eaton/in/en-us/company/investor-relations/investor-toolkit/analyst-coverage.html,turn60view0
Eaton,KeyBanc Capital Markets,Jeffrey Hammond,named_analyst,Not sourced,date not stated on source; retrieved 2026-10-05,2026-10-05,https://www.eaton.com/content/eaton/in/en-us/company/investor-relations/investor-toolkit/analyst-coverage.html,turn60view0
Eaton,Melius Research,Scott Davis,named_analyst,Not sourced,date not stated on source; retrieved 2026-10-05,2026-10-05,https://www.eaton.com/content/eaton/in/en-us/company/investor-relations/investor-toolkit/analyst-coverage.html,turn60view0
Eaton,Mizuho Securities USA,Brett Linzey,named_analyst,Not sourced,date not stated on source; retrieved 2026-10-05,2026-10-05,https://www.eaton.com/content/eaton/in/en-us/company/investor-relations/investor-toolkit/analyst-coverage.html,turn60view0
Eaton,Morgan Stanley,Christopher Snyder,named_analyst,Not sourced,date not stated on source; retrieved 2026-10-05,2026-10-05,https://www.eaton.com/content/eaton/in/en-us/company/investor-relations/investor-toolkit/analyst-coverage.html,turn60view0
Eaton,Morningstar Equity Research,Nicholas Lieb,named_analyst,Not sourced,date not stated on source; retrieved 2026-10-05,2026-10-05,https://www.eaton.com/content/eaton/in/en-us/company/investor-relations/investor-toolkit/analyst-coverage.html,turn60view0
Eaton,Oppenheimer,Christopher Glynn,named_analyst,Not sourced,date not stated on source; retrieved 2026-10-05,2026-10-05,https://www.eaton.com/content/eaton/in/en-us/company/investor-relations/investor-toolkit/analyst-coverage.html,turn60view0
Eaton,Raymond James,Tim Thein,named_analyst,Not sourced,date not stated on source; retrieved 2026-10-05,2026-10-05,https://www.eaton.com/content/eaton/in/en-us/company/investor-relations/investor-toolkit/analyst-coverage.html,turn60view0
Eaton,RBC Capital Markets,Deane Dray,named_analyst,Not sourced,date not stated on source; retrieved 2026-10-05,2026-10-05,https://www.eaton.com/content/eaton/in/en-us/company/investor-relations/investor-toolkit/analyst-coverage.html,turn60view0
Eaton,UBS,Amit Mehrotra,named_analyst,Not sourced,date not stated on source; retrieved 2026-10-05,2026-10-05,https://www.eaton.com/content/eaton/in/en-us/company/investor-relations/investor-toolkit/analyst-coverage.html,turn60view0
Eaton,Vertical Research Partners,Jeffrey Sprague,named_analyst,Not sourced,date not stated on source; retrieved 2026-10-05,2026-10-05,https://www.eaton.com/content/eaton/in/en-us/company/investor-relations/investor-toolkit/analyst-coverage.html,turn60view0
Eaton,Wells Fargo Securities,Joseph O'Dea,named_analyst,Not sourced,date not stated on source; retrieved 2026-10-05,2026-10-05,https://www.eaton.com/content/eaton/in/en-us/company/investor-relations/investor-toolkit/analyst-coverage.html,turn60view0
Eaton,Wolfe Research,Nigel Coe,named_analyst,Not sourced,date not stated on source; retrieved 2026-10-05,2026-10-05,https://www.eaton.com/content/eaton/in/en-us/company/investor-relations/investor-toolkit/analyst-coverage.html,turn60view0
Equinix,Bank of America,Michael Funk,named_analyst,Not sourced,date not stated on source; retrieved 2026-10-05,2026-10-05,https://investor.equinix.com/stock-information/analyst-coverage,turn55view0
Equinix,Barclays,Brendan Lynch,named_analyst,Not sourced,date not stated on source; retrieved 2026-10-05,2026-10-05,https://investor.equinix.com/stock-information/analyst-coverage,turn55view0
Equinix,Bernstein Research,Madison Rezaei,named_analyst,Not sourced,date not stated on source; retrieved 2026-10-05,2026-10-05,https://investor.equinix.com/stock-information/analyst-coverage,turn55view0
Equinix,BMO Capital Markets,Ari Klein,named_analyst,Not sourced,date not stated on source; retrieved 2026-10-05,2026-10-05,https://investor.equinix.com/stock-information/analyst-coverage,turn55view0
Equinix,BNP Paribas,Nate Crossett,named_analyst,Not sourced,date not stated on source; retrieved 2026-10-05,2026-10-05,https://investor.equinix.com/stock-information/analyst-coverage,turn55view0
Equinix,Cantor Fitzgerald,Brett Knoblauch,named_analyst,Not sourced,date not stated on source; retrieved 2026-10-05,2026-10-05,https://investor.equinix.com/stock-information/analyst-coverage,turn55view0
Equinix,Citigroup,Mike Rollins,named_analyst,Not sourced,date not stated on source; retrieved 2026-10-05,2026-10-05,https://investor.equinix.com/stock-information/analyst-coverage,turn55view0
Equinix,Citizens JMP Securities,Greg Miller,named_analyst,Not sourced,date not stated on source; retrieved 2026-10-05,2026-10-05,https://investor.equinix.com/stock-information/analyst-coverage,turn55view0
Equinix,Deutsche Bank,Benjamin Soff,named_analyst,Not sourced,date not stated on source; retrieved 2026-10-05,2026-10-05,https://investor.equinix.com/stock-information/analyst-coverage,turn55view0
Equinix,Edward Jones,Kyle Sanders,named_analyst,Not sourced,date not stated on source; retrieved 2026-10-05,2026-10-05,https://investor.equinix.com/stock-information/analyst-coverage,turn55view0
Equinix,Evercore,Irvin Liu,named_analyst,Not sourced,date not stated on source; retrieved 2026-10-05,2026-10-05,https://investor.equinix.com/stock-information/analyst-coverage,turn55view0
Equinix,Goldman Sachs,Michael Ng,named_analyst,Not sourced,date not stated on source; retrieved 2026-10-05,2026-10-05,https://investor.equinix.com/stock-information/analyst-coverage,turn55view0
Equinix,Green Street Advisors,David Guarino,named_analyst,Not sourced,date not stated on source; retrieved 2026-10-05,2026-10-05,https://investor.equinix.com/stock-information/analyst-coverage,turn55view0
Equinix,Guggenheim,Joseph Osha,named_analyst,Not sourced,date not stated on source; retrieved 2026-10-05,2026-10-05,https://investor.equinix.com/stock-information/analyst-coverage,turn55view0
Equinix,HSBC,Phani Kanumuri,named_analyst,Not sourced,date not stated on source; retrieved 2026-10-05,2026-10-05,https://investor.equinix.com/stock-information/analyst-coverage,turn55view0
Equinix,Jefferies,Jonathan Petersen,named_analyst,Not sourced,date not stated on source; retrieved 2026-10-05,2026-10-05,https://investor.equinix.com/stock-information/analyst-coverage,turn55view0
Equinix,JP Morgan,Richard Choe,named_analyst,Not sourced,date not stated on source; retrieved 2026-10-05,2026-10-05,https://investor.equinix.com/stock-information/analyst-coverage,turn55view0
Equinix,KeyBanc Capital Markets,Brandon Nispel,named_analyst,Not sourced,date not stated on source; retrieved 2026-10-05,2026-10-05,https://investor.equinix.com/stock-information/analyst-coverage,turn55view0
Equinix,Mizuho,Vikram Malhotra,named_analyst,Not sourced,date not stated on source; retrieved 2026-10-05,2026-10-05,https://investor.equinix.com/stock-information/analyst-coverage,turn55view0
Equinix,MoffettNathanson,Nick Del Deo,named_analyst,Not sourced,date not stated on source; retrieved 2026-10-05,2026-10-05,https://investor.equinix.com/stock-information/analyst-coverage,turn55view0
Equinix,Morgan Stanley,Cameron McVeigh,named_analyst,Not sourced,date not stated on source; retrieved 2026-10-05,2026-10-05,https://investor.equinix.com/stock-information/analyst-coverage,turn55view0
Equinix,Morningstar,Martin Szumski,named_analyst,Not sourced,date not stated on source; retrieved 2026-10-05,2026-10-05,https://investor.equinix.com/stock-information/analyst-coverage,turn55view0
Equinix,Oppenheimer & Co.,Timothy Horan,named_analyst,Not sourced,date not stated on source; retrieved 2026-10-05,2026-10-05,https://investor.equinix.com/stock-information/analyst-coverage,turn55view0
Equinix,Raymond James,Frank Louthan IV,named_analyst,Not sourced,date not stated on source; retrieved 2026-10-05,2026-10-05,https://investor.equinix.com/stock-information/analyst-coverage,turn55view0
Equinix,RBC Capital Markets,Jonathan Atkin,named_analyst,Not sourced,date not stated on source; retrieved 2026-10-05,2026-10-05,https://investor.equinix.com/stock-information/analyst-coverage,turn55view0
Equinix,Scotiabank,Maher Yaghi,named_analyst,Not sourced,date not stated on source; retrieved 2026-10-05,2026-10-05,https://investor.equinix.com/stock-information/analyst-coverage,turn55view0
Equinix,Stifel,Erik Rasmussen,named_analyst,Not sourced,date not stated on source; retrieved 2026-10-05,2026-10-05,https://investor.equinix.com/stock-information/analyst-coverage,turn55view0
Equinix,TD Cowen,Michael Elias,named_analyst,Not sourced,date not stated on source; retrieved 2026-10-05,2026-10-05,https://investor.equinix.com/stock-information/analyst-coverage,turn55view0
Equinix,Truist Securities,Matthew Niknam,named_analyst,Not sourced,date not stated on source; retrieved 2026-10-05,2026-10-05,https://investor.equinix.com/stock-information/analyst-coverage,turn55view0
Equinix,UBS,John Hodulik,named_analyst,Not sourced,date not stated on source; retrieved 2026-10-05,2026-10-05,https://investor.equinix.com/stock-information/analyst-coverage,turn55view0
Equinix,Wells Fargo,Eric Luebchow,named_analyst,Not sourced,date not stated on source; retrieved 2026-10-05,2026-10-05,https://investor.equinix.com/stock-information/analyst-coverage,turn55view0
Equinix,Wolfe Research,Andrew Rosivach,named_analyst,Not sourced,date not stated on source; retrieved 2026-10-05,2026-10-05,https://investor.equinix.com/stock-information/analyst-coverage,turn55view0
KLA,Argus Research Corp,Jim Kelleher,named_analyst,Not sourced,date not stated on source; retrieved 2026-10-05,2026-10-05,https://ir.kla.com/stock-data/analyst-coverage,turn21view0
KLA,Bank of America Securities,Vivek Arya,named_analyst,Not sourced,date not stated on source; retrieved 2026-10-05,2026-10-05,https://ir.kla.com/stock-data/analyst-coverage,turn21view0
KLA,Barclays,Tom O’Malley,named_analyst,Not sourced,date not stated on source; retrieved 2026-10-05,2026-10-05,https://ir.kla.com/stock-data/analyst-coverage,turn21view0
KLA,Berenberg,Tammy Qiu,named_analyst,Not sourced,date not stated on source; retrieved 2026-10-05,2026-10-05,https://ir.kla.com/stock-data/analyst-coverage,turn21view0
KLA,BNP Paribas Securities Corp.,Olivier Semprez,named_analyst,Not sourced,date not stated on source; retrieved 2026-10-05,2026-10-05,https://ir.kla.com/stock-data/analyst-coverage,turn21view0
KLA,Cantor Fitzgerald,CJ Muse,named_analyst,Not sourced,date not stated on source; retrieved 2026-10-05,2026-10-05,https://ir.kla.com/stock-data/analyst-coverage,turn21view0
KLA,Citi,Atif Malik,named_analyst,Not sourced,date not stated on source; retrieved 2026-10-05,2026-10-05,https://ir.kla.com/stock-data/analyst-coverage,turn21view0
KLA,Deutsche Bank Securities Inc.,Melissa Weathers,named_analyst,Not sourced,date not stated on source; retrieved 2026-10-05,2026-10-05,https://ir.kla.com/stock-data/analyst-coverage,turn21view0
KLA,Evercore ISI,Vedvati Schrote,named_analyst,Not sourced,date not stated on source; retrieved 2026-10-05,2026-10-05,https://ir.kla.com/stock-data/analyst-coverage,turn21view0
KLA,Futurum Equities,Rolf Bulk,named_analyst,Not sourced,date not stated on source; retrieved 2026-10-05,2026-10-05,https://ir.kla.com/stock-data/analyst-coverage,turn21view0
KLA,"Goldman, Sachs & Co.","James Schneider, Ph.D",named_analyst,Not sourced,date not stated on source; retrieved 2026-10-05,2026-10-05,https://ir.kla.com/stock-data/analyst-coverage,turn21view0
KLA,Jefferies,Blayne Curtis,named_analyst,Not sourced,date not stated on source; retrieved 2026-10-05,2026-10-05,https://ir.kla.com/stock-data/analyst-coverage,turn21view0
KLA,JP Morgan Securities LLC,Harlan Sur,named_analyst,Not sourced,date not stated on source; retrieved 2026-10-05,2026-10-05,https://ir.kla.com/stock-data/analyst-coverage,turn21view0
KLA,Keybanc Capital Markets Inc.,Steve Barger,named_analyst,Not sourced,date not stated on source; retrieved 2026-10-05,2026-10-05,https://ir.kla.com/stock-data/analyst-coverage,turn21view0
KLA,Morgan Stanley,Shane Brett,named_analyst,Not sourced,date not stated on source; retrieved 2026-10-05,2026-10-05,https://ir.kla.com/stock-data/analyst-coverage,turn21view0
KLA,Morningstar,William Kerwin,named_analyst,Not sourced,date not stated on source; retrieved 2026-10-05,2026-10-05,https://ir.kla.com/stock-data/analyst-coverage,turn21view0
KLA,Needham & Company,Charles Shi,named_analyst,Not sourced,date not stated on source; retrieved 2026-10-05,2026-10-05,https://ir.kla.com/stock-data/analyst-coverage,turn21view0
KLA,New Street Research,Pierre Ferragu,named_analyst,Not sourced,date not stated on source; retrieved 2026-10-05,2026-10-05,https://ir.kla.com/stock-data/analyst-coverage,turn21view0
KLA,Oppenheimer,Edward Yang,named_analyst,Not sourced,date not stated on source; retrieved 2026-10-05,2026-10-05,https://ir.kla.com/stock-data/analyst-coverage,turn21view0
KLA,RBC Capital Markets,Srini Pajjuri,named_analyst,Not sourced,date not stated on source; retrieved 2026-10-05,2026-10-05,https://ir.kla.com/stock-data/analyst-coverage,turn21view0
KLA,Redburn Atlantic,Timm Schulze-Melander,named_analyst,Not sourced,date not stated on source; retrieved 2026-10-05,2026-10-05,https://ir.kla.com/stock-data/analyst-coverage,turn21view0
KLA,Sanford C. Bernstein & Co. LLC,Stacey Rasgon,named_analyst,Not sourced,date not stated on source; retrieved 2026-10-05,2026-10-05,https://ir.kla.com/stock-data/analyst-coverage,turn21view0
KLA,"Stifel, Nicolaus & Company, Inc.",Brian Chin,named_analyst,Not sourced,date not stated on source; retrieved 2026-10-05,2026-10-05,https://ir.kla.com/stock-data/analyst-coverage,turn21view0
KLA,"Susquehanna Financial Group, LLP",Mehdi Hosseini,named_analyst,Not sourced,date not stated on source; retrieved 2026-10-05,2026-10-05,https://ir.kla.com/stock-data/analyst-coverage,turn21view0
KLA,TD Cowen,Krish Sankar,named_analyst,Not sourced,date not stated on source; retrieved 2026-10-05,2026-10-05,https://ir.kla.com/stock-data/analyst-coverage,turn21view0
KLA,UBS Equities,Timothy Arcuri,named_analyst,Not sourced,date not stated on source; retrieved 2026-10-05,2026-10-05,https://ir.kla.com/stock-data/analyst-coverage,turn21view0
KLA,"Wells Fargo Securities, LLC",Joe Quatrochi,named_analyst,Not sourced,date not stated on source; retrieved 2026-10-05,2026-10-05,https://ir.kla.com/stock-data/analyst-coverage,turn21view0
KLA,Wolfe Research,Chris Caso,named_analyst,Not sourced,date not stated on source; retrieved 2026-10-05,2026-10-05,https://ir.kla.com/stock-data/analyst-coverage,turn21view0
Lam Research,B. Riley & Co.,,firm_only,Not sourced,date not stated on source; retrieved 2026-10-05,2026-10-05,https://investor.lamresearch.com/analyst-coverage,turn29view0
Lam Research,Bank of America,,firm_only,Not sourced,date not stated on source; retrieved 2026-10-05,2026-10-05,https://investor.lamresearch.com/analyst-coverage,turn29view0
Lam Research,Barclays,,firm_only,Not sourced,date not stated on source; retrieved 2026-10-05,2026-10-05,https://investor.lamresearch.com/analyst-coverage,turn29view0
Lam Research,Berenberg,,firm_only,Not sourced,date not stated on source; retrieved 2026-10-05,2026-10-05,https://investor.lamresearch.com/analyst-coverage,turn29view0
Lam Research,Bernstein,,firm_only,Not sourced,date not stated on source; retrieved 2026-10-05,2026-10-05,https://investor.lamresearch.com/analyst-coverage,turn29view0
Lam Research,BNP Paribas,,firm_only,Not sourced,date not stated on source; retrieved 2026-10-05,2026-10-05,https://investor.lamresearch.com/analyst-coverage,turn29view0
Lam Research,Cantor Fitzgerald,,firm_only,Not sourced,date not stated on source; retrieved 2026-10-05,2026-10-05,https://investor.lamresearch.com/analyst-coverage,turn29view0
Lam Research,Citi,,firm_only,Not sourced,date not stated on source; retrieved 2026-10-05,2026-10-05,https://investor.lamresearch.com/analyst-coverage,turn29view0
Lam Research,Deutsche Bank,,firm_only,Not sourced,date not stated on source; retrieved 2026-10-05,2026-10-05,https://investor.lamresearch.com/analyst-coverage,turn29view0
Lam Research,Evercore,,firm_only,Not sourced,date not stated on source; retrieved 2026-10-05,2026-10-05,https://investor.lamresearch.com/analyst-coverage,turn29view0
Lam Research,Goldman Sachs,,firm_only,Not sourced,date not stated on source; retrieved 2026-10-05,2026-10-05,https://investor.lamresearch.com/analyst-coverage,turn29view0
Lam Research,J.P. Morgan,,firm_only,Not sourced,date not stated on source; retrieved 2026-10-05,2026-10-05,https://investor.lamresearch.com/analyst-coverage,turn29view0
Lam Research,Jefferies,,firm_only,Not sourced,date not stated on source; retrieved 2026-10-05,2026-10-05,https://investor.lamresearch.com/analyst-coverage,turn29view0
Lam Research,KeyBanc Capital Markets,,firm_only,Not sourced,date not stated on source; retrieved 2026-10-05,2026-10-05,https://investor.lamresearch.com/analyst-coverage,turn29view0
Lam Research,Mizuho Securities,,firm_only,Not sourced,date not stated on source; retrieved 2026-10-05,2026-10-05,https://investor.lamresearch.com/analyst-coverage,turn29view0
Lam Research,Morgan Stanley,,firm_only,Not sourced,date not stated on source; retrieved 2026-10-05,2026-10-05,https://investor.lamresearch.com/analyst-coverage,turn29view0
Lam Research,Needham & Company,,firm_only,Not sourced,date not stated on source; retrieved 2026-10-05,2026-10-05,https://investor.lamresearch.com/analyst-coverage,turn29view0
Lam Research,Oppenheimer,,firm_only,Not sourced,date not stated on source; retrieved 2026-10-05,2026-10-05,https://investor.lamresearch.com/analyst-coverage,turn29view0
Lam Research,RBC,,firm_only,Not sourced,date not stated on source; retrieved 2026-10-05,2026-10-05,https://investor.lamresearch.com/analyst-coverage,turn29view0
Lam Research,Rotschild & Co Redburn,,firm_only,Not sourced,date not stated on source; retrieved 2026-10-05,2026-10-05,https://investor.lamresearch.com/analyst-coverage,turn29view0
Lam Research,Stifel,,firm_only,Not sourced,date not stated on source; retrieved 2026-10-05,2026-10-05,https://investor.lamresearch.com/analyst-coverage,turn29view0
Lam Research,Susquehanna,,firm_only,Not sourced,date not stated on source; retrieved 2026-10-05,2026-10-05,https://investor.lamresearch.com/analyst-coverage,turn29view0
Lam Research,TD Cowen,,firm_only,Not sourced,date not stated on source; retrieved 2026-10-05,2026-10-05,https://investor.lamresearch.com/analyst-coverage,turn29view0
Lam Research,UBS Securities LLC,,firm_only,Not sourced,date not stated on source; retrieved 2026-10-05,2026-10-05,https://investor.lamresearch.com/analyst-coverage,turn29view0
Lam Research,Wells Fargo Securities,,firm_only,Not sourced,date not stated on source; retrieved 2026-10-05,2026-10-05,https://investor.lamresearch.com/analyst-coverage,turn29view0
Lam Research,Wolfe Research,,firm_only,Not sourced,date not stated on source; retrieved 2026-10-05,2026-10-05,https://investor.lamresearch.com/analyst-coverage,turn29view0
Lenovo,Arete Research,Nam Kim,named_analyst,Not sourced,date not stated on source; retrieved 2026-10-05,2026-10-05,https://investor.lenovo.com/en/ir/analyst.php,turn57view0
Lenovo,Bank of America Merrill Lynch,Robert Cheng,named_analyst,Not sourced,date not stated on source; retrieved 2026-10-05,2026-10-05,https://investor.lenovo.com/en/ir/analyst.php,turn57view0
Lenovo,CAITONG Securities,Hao Yanhui,named_analyst,Not sourced,date not stated on source; retrieved 2026-10-05,2026-10-05,https://investor.lenovo.com/en/ir/analyst.php,turn57view0
Lenovo,CGSI,TBC,firm_name_pending,Not sourced,date not stated on source; retrieved 2026-10-05,2026-10-05,https://investor.lenovo.com/en/ir/analyst.php,turn57view0
Lenovo,Changjiang Securities,Yang yang,named_analyst,Not sourced,date not stated on source; retrieved 2026-10-05,2026-10-05,https://investor.lenovo.com/en/ir/analyst.php,turn57view0
Lenovo,China Construction Bank International (CCBI),TBC,firm_name_pending,Not sourced,date not stated on source; retrieved 2026-10-05,2026-10-05,https://investor.lenovo.com/en/ir/analyst.php,turn57view0
Lenovo,China International Capital Group (CICC),Li Shiwen,named_analyst,Not sourced,date not stated on source; retrieved 2026-10-05,2026-10-05,https://investor.lenovo.com/en/ir/analyst.php,turn57view0
Lenovo,China Securities,Ying Ying,named_analyst,Not sourced,date not stated on source; retrieved 2026-10-05,2026-10-05,https://investor.lenovo.com/en/ir/analyst.php,turn57view0
Lenovo,CITIC Securities,Junyun Chen,named_analyst,Not sourced,date not stated on source; retrieved 2026-10-05,2026-10-05,https://investor.lenovo.com/en/ir/analyst.php,turn57view0
Lenovo,Citi,Kyna Wong,named_analyst,Not sourced,date not stated on source; retrieved 2026-10-05,2026-10-05,https://investor.lenovo.com/en/ir/analyst.php,turn57view0
Lenovo,CLSA,Tony Zhang,named_analyst,Not sourced,date not stated on source; retrieved 2026-10-05,2026-10-05,https://investor.lenovo.com/en/ir/analyst.php,turn57view0
Lenovo,DBS,Jim Au,named_analyst,Not sourced,date not stated on source; retrieved 2026-10-05,2026-10-05,https://investor.lenovo.com/en/ir/analyst.php,turn57view0
Lenovo,Dongbei Securities,Li Ming,named_analyst,Not sourced,date not stated on source; retrieved 2026-10-05,2026-10-05,https://investor.lenovo.com/en/ir/analyst.php,turn57view0
Lenovo,Everbright Securities,Fu Tianzi,named_analyst,Not sourced,date not stated on source; retrieved 2026-10-05,2026-10-05,https://investor.lenovo.com/en/ir/analyst.php,turn57view0
Lenovo,First Shanghai Securities,Harry Huang,named_analyst,Not sourced,date not stated on source; retrieved 2026-10-05,2026-10-05,https://investor.lenovo.com/en/ir/analyst.php,turn57view0
Lenovo,GF Securities,Evan Lee,named_analyst,Not sourced,date not stated on source; retrieved 2026-10-05,2026-10-05,https://investor.lenovo.com/en/ir/analyst.php,turn57view0
Lenovo,Goldman Sachs,Verena Jeng,named_analyst,Not sourced,date not stated on source; retrieved 2026-10-05,2026-10-05,https://investor.lenovo.com/en/ir/analyst.php,turn57view0
Lenovo,Great Wall Securities,Zou Lanlan,named_analyst,Not sourced,date not stated on source; retrieved 2026-10-05,2026-10-05,https://investor.lenovo.com/en/ir/analyst.php,turn57view0
Lenovo,Guosheng Securities,Xia Jun,named_analyst,Not sourced,date not stated on source; retrieved 2026-10-05,2026-10-05,https://investor.lenovo.com/en/ir/analyst.php,turn57view0
Lenovo,Guotai Haitong Securities,Heping Qin,named_analyst,Not sourced,date not stated on source; retrieved 2026-10-05,2026-10-05,https://investor.lenovo.com/en/ir/analyst.php,turn57view0
Lenovo,Guoxin Securities,Hujian/Xiong li,named_analyst,Not sourced,date not stated on source; retrieved 2026-10-05,2026-10-05,https://investor.lenovo.com/en/ir/analyst.php,turn57view0
Lenovo,HSBC Securities,Carol Juan,named_analyst,Not sourced,date not stated on source; retrieved 2026-10-05,2026-10-05,https://investor.lenovo.com/en/ir/analyst.php,turn57view0
Lenovo,HuaTai Securities,Huang Leping,named_analyst,Not sourced,date not stated on source; retrieved 2026-10-05,2026-10-05,https://investor.lenovo.com/en/ir/analyst.php,turn57view0
Lenovo,Huaan Securities,Jin Rong,named_analyst,Not sourced,date not stated on source; retrieved 2026-10-05,2026-10-05,https://investor.lenovo.com/en/ir/analyst.php,turn57view0
Lenovo,Huayuan Securities,Zhu Yun,named_analyst,Not sourced,date not stated on source; retrieved 2026-10-05,2026-10-05,https://investor.lenovo.com/en/ir/analyst.php,turn57view0
Lenovo,Industrial Securities,Hong Jiajun,named_analyst,Not sourced,date not stated on source; retrieved 2026-10-05,2026-10-05,https://investor.lenovo.com/en/ir/analyst.php,turn57view0
Lenovo,JP Morgan Securities,Albert Hung,named_analyst,Not sourced,date not stated on source; retrieved 2026-10-05,2026-10-05,https://investor.lenovo.com/en/ir/analyst.php,turn57view0
Lenovo,Kaiyuan Securities,Yang Zhe,named_analyst,Not sourced,date not stated on source; retrieved 2026-10-05,2026-10-05,https://investor.lenovo.com/en/ir/analyst.php,turn57view0
Lenovo,Macquarie,Cherry Ma,named_analyst,Not sourced,date not stated on source; retrieved 2026-10-05,2026-10-05,https://investor.lenovo.com/en/ir/analyst.php,turn57view0
Lenovo,Minsheng Securities,Fang Jing,named_analyst,Not sourced,date not stated on source; retrieved 2026-10-05,2026-10-05,https://investor.lenovo.com/en/ir/analyst.php,turn57view0
Lenovo,Morgan Stanley,Howard Kao,named_analyst,Not sourced,date not stated on source; retrieved 2026-10-05,2026-10-05,https://investor.lenovo.com/en/ir/analyst.php,turn57view0
Lenovo,Morningstar,Jing Jie Yu,named_analyst,Not sourced,date not stated on source; retrieved 2026-10-05,2026-10-05,https://investor.lenovo.com/en/ir/analyst.php,turn57view0
Lenovo,Nomura,Donnie Teng,named_analyst,Not sourced,date not stated on source; retrieved 2026-10-05,2026-10-05,https://investor.lenovo.com/en/ir/analyst.php,turn57view0
Lenovo,Orient Securities,Kuai Jian,named_analyst,Not sourced,date not stated on source; retrieved 2026-10-05,2026-10-05,https://investor.lenovo.com/en/ir/analyst.php,turn57view0
Lenovo,SDICSI Securities,Alex Wang,named_analyst,Not sourced,date not stated on source; retrieved 2026-10-05,2026-10-05,https://investor.lenovo.com/en/ir/analyst.php,turn57view0
Lenovo,Sealand Securities,Mengzhu Chen,named_analyst,Not sourced,date not stated on source; retrieved 2026-10-05,2026-10-05,https://investor.lenovo.com/en/ir/analyst.php,turn57view0
Lenovo,Shenwan Hongyuan Securities,Huang Zhonghuang,named_analyst,Not sourced,date not stated on source; retrieved 2026-10-05,2026-10-05,https://investor.lenovo.com/en/ir/analyst.php,turn57view0
Lenovo,Soochow Securities,Zhang Liang Wei,named_analyst,Not sourced,date not stated on source; retrieved 2026-10-05,2026-10-05,https://investor.lenovo.com/en/ir/analyst.php,turn57view0
Lenovo,Southwest Securities,Xiang Jie Wang,named_analyst,Not sourced,date not stated on source; retrieved 2026-10-05,2026-10-05,https://investor.lenovo.com/en/ir/analyst.php,turn57view0
Lenovo,TaiPingYang Securities,Cao Pei,named_analyst,Not sourced,date not stated on source; retrieved 2026-10-05,2026-10-05,https://investor.lenovo.com/en/ir/analyst.php,turn57view0
Lenovo,Tianfeng Securities,Xin Liu,named_analyst,Not sourced,date not stated on source; retrieved 2026-10-05,2026-10-05,https://investor.lenovo.com/en/ir/analyst.php,turn57view0
Lenovo,UBS,Randy Abrams,named_analyst,Not sourced,date not stated on source; retrieved 2026-10-05,2026-10-05,https://investor.lenovo.com/en/ir/analyst.php,turn57view0
Lenovo,UOB Kay Hian,Johnny Yum,named_analyst,Not sourced,date not stated on source; retrieved 2026-10-05,2026-10-05,https://investor.lenovo.com/en/ir/analyst.php,turn57view0
Lenovo,Yongxing Securities,Ying Hao,named_analyst,Not sourced,date not stated on source; retrieved 2026-10-05,2026-10-05,https://investor.lenovo.com/en/ir/analyst.php,turn57view0
Lenovo,Zheshang Securities,Liu Wenshu,named_analyst,Not sourced,date not stated on source; retrieved 2026-10-05,2026-10-05,https://investor.lenovo.com/en/ir/analyst.php,turn57view0
Meta,Arete Research,Rocco Strauss,named_analyst,Not sourced,date not stated on source; retrieved 2026-10-05,2026-10-05,https://investor.atmeta.com/stock-info/default.aspx?section=stockdata,turn96view0
Meta,Baird,Colin A. Sebastian,named_analyst,Not sourced,date not stated on source; retrieved 2026-10-05,2026-10-05,https://investor.atmeta.com/stock-info/default.aspx?section=stockdata,turn96view0
Meta,Bank of America / Merrill Lynch,Justin Post,named_analyst,Not sourced,date not stated on source; retrieved 2026-10-05,2026-10-05,https://investor.atmeta.com/stock-info/default.aspx?section=stockdata,turn96view0
Meta,Barclays,Ross Sandler,named_analyst,Not sourced,date not stated on source; retrieved 2026-10-05,2026-10-05,https://investor.atmeta.com/stock-info/default.aspx?section=stockdata,turn96view0
Meta,Benchmark Research,Mark Zgutowicz,named_analyst,Not sourced,date not stated on source; retrieved 2026-10-05,2026-10-05,https://investor.atmeta.com/stock-info/default.aspx?section=stockdata,turn96view0
Meta,Bernstein,Mark Shmulik,named_analyst,Not sourced,date not stated on source; retrieved 2026-10-05,2026-10-05,https://investor.atmeta.com/stock-info/default.aspx?section=stockdata,turn96view0
Meta,Canaccord Genuity,Maria Ripps,named_analyst,Not sourced,date not stated on source; retrieved 2026-10-05,2026-10-05,https://investor.atmeta.com/stock-info/default.aspx?section=stockdata,turn96view0
Meta,Citigroup,Ron Josey,named_analyst,Not sourced,date not stated on source; retrieved 2026-10-05,2026-10-05,https://investor.atmeta.com/stock-info/default.aspx?section=stockdata,turn96view0
Meta,Cleveland Research,Ross Walthall,named_analyst,Not sourced,date not stated on source; retrieved 2026-10-05,2026-10-05,https://investor.atmeta.com/stock-info/default.aspx?section=stockdata,turn96view0
Meta,Edgewater Research,Joe Wittine,named_analyst,Not sourced,date not stated on source; retrieved 2026-10-05,2026-10-05,https://investor.atmeta.com/stock-info/default.aspx?section=stockdata,turn96view0
Meta,Evercore ISI,Mark Mahaney,named_analyst,Not sourced,date not stated on source; retrieved 2026-10-05,2026-10-05,https://investor.atmeta.com/stock-info/default.aspx?section=stockdata,turn96view0
Meta,FBN Securities,Shebly Seyrafi,named_analyst,Not sourced,date not stated on source; retrieved 2026-10-05,2026-10-05,https://investor.atmeta.com/stock-info/default.aspx?section=stockdata,turn96view0
Meta,Goldman Sachs,Eric Sheridan,named_analyst,Not sourced,date not stated on source; retrieved 2026-10-05,2026-10-05,https://investor.atmeta.com/stock-info/default.aspx?section=stockdata,turn96view0
Meta,Guggenheim Partners,Michael Morris,named_analyst,Not sourced,date not stated on source; retrieved 2026-10-05,2026-10-05,https://investor.atmeta.com/stock-info/default.aspx?section=stockdata,turn96view0
Meta,HSBC,Nicolas Cote-Colisson,named_analyst,Not sourced,date not stated on source; retrieved 2026-10-05,2026-10-05,https://investor.atmeta.com/stock-info/default.aspx?section=stockdata,turn96view0
Meta,Jefferies,Brent Thill,named_analyst,Not sourced,date not stated on source; retrieved 2026-10-05,2026-10-05,https://investor.atmeta.com/stock-info/default.aspx?section=stockdata,turn96view0
Meta,JP Morgan,Douglas Anmuth,named_analyst,Not sourced,date not stated on source; retrieved 2026-10-05,2026-10-05,https://investor.atmeta.com/stock-info/default.aspx?section=stockdata,turn96view0
Meta,Keybanc,Justin Patterson,named_analyst,Not sourced,date not stated on source; retrieved 2026-10-05,2026-10-05,https://investor.atmeta.com/stock-info/default.aspx?section=stockdata,turn96view0
Meta,LightShed Partners,Rich Greenfield,named_analyst,Not sourced,date not stated on source; retrieved 2026-10-05,2026-10-05,https://investor.atmeta.com/stock-info/default.aspx?section=stockdata,turn96view0
Meta,Loop Capital,Rob Sanderson,named_analyst,Not sourced,date not stated on source; retrieved 2026-10-05,2026-10-05,https://investor.atmeta.com/stock-info/default.aspx?section=stockdata,turn96view0
Meta,Mizuho Securities,Lloyd Walmsley,named_analyst,Not sourced,date not stated on source; retrieved 2026-10-05,2026-10-05,https://investor.atmeta.com/stock-info/default.aspx?section=stockdata,turn96view0
Meta,Moffett Nathanson,Michael Nathanson,named_analyst,Not sourced,date not stated on source; retrieved 2026-10-05,2026-10-05,https://investor.atmeta.com/stock-info/default.aspx?section=stockdata,turn96view0
Meta,"Monness, Crespi, Hardt",Brian White,named_analyst,Not sourced,date not stated on source; retrieved 2026-10-05,2026-10-05,https://investor.atmeta.com/stock-info/default.aspx?section=stockdata,turn96view0
Meta,Morgan Stanley,Brian Nowak,named_analyst,Not sourced,date not stated on source; retrieved 2026-10-05,2026-10-05,https://investor.atmeta.com/stock-info/default.aspx?section=stockdata,turn96view0
Meta,Needham,Laura Martin,named_analyst,Not sourced,date not stated on source; retrieved 2026-10-05,2026-10-05,https://investor.atmeta.com/stock-info/default.aspx?section=stockdata,turn96view0
Meta,New Street Research,Daniel Salmon,named_analyst,Not sourced,date not stated on source; retrieved 2026-10-05,2026-10-05,https://investor.atmeta.com/stock-info/default.aspx?section=stockdata,turn96view0
Meta,Oppenheimer,Jason Helfstein,named_analyst,Not sourced,date not stated on source; retrieved 2026-10-05,2026-10-05,https://investor.atmeta.com/stock-info/default.aspx?section=stockdata,turn96view0
Meta,Piper Sandler,Thomas Champion,named_analyst,Not sourced,date not stated on source; retrieved 2026-10-05,2026-10-05,https://investor.atmeta.com/stock-info/default.aspx?section=stockdata,turn96view0
Meta,Raymond James,Josh Beck,named_analyst,Not sourced,date not stated on source; retrieved 2026-10-05,2026-10-05,https://investor.atmeta.com/stock-info/default.aspx?section=stockdata,turn96view0
Meta,RBC Capital Markets,Brad Erickson,named_analyst,Not sourced,date not stated on source; retrieved 2026-10-05,2026-10-05,https://investor.atmeta.com/stock-info/default.aspx?section=stockdata,turn96view0
Meta,Roth MKM,Rohit Kulkarni,named_analyst,Not sourced,date not stated on source; retrieved 2026-10-05,2026-10-05,https://investor.atmeta.com/stock-info/default.aspx?section=stockdata,turn96view0
Meta,Rosenblatt Securities,Barton Crockett,named_analyst,Not sourced,date not stated on source; retrieved 2026-10-05,2026-10-05,https://investor.atmeta.com/stock-info/default.aspx?section=stockdata,turn96view0
Meta,"Stifel, Nicolaus & Co.",Mark Kelley,named_analyst,Not sourced,date not stated on source; retrieved 2026-10-05,2026-10-05,https://investor.atmeta.com/stock-info/default.aspx?section=stockdata,turn96view0
Meta,Susquehanna Financial Group,Shyam Patil,named_analyst,Not sourced,date not stated on source; retrieved 2026-10-05,2026-10-05,https://investor.atmeta.com/stock-info/default.aspx?section=stockdata,turn96view0
Meta,TD Cowen,John Blackledge,named_analyst,Not sourced,date not stated on source; retrieved 2026-10-05,2026-10-05,https://investor.atmeta.com/stock-info/default.aspx?section=stockdata,turn96view0
Meta,Tigress Financial Partners,Ivan Feinseth,named_analyst,Not sourced,date not stated on source; retrieved 2026-10-05,2026-10-05,https://investor.atmeta.com/stock-info/default.aspx?section=stockdata,turn96view0
Meta,Truist Securities,Youssef H. Squali,named_analyst,Not sourced,date not stated on source; retrieved 2026-10-05,2026-10-05,https://investor.atmeta.com/stock-info/default.aspx?section=stockdata,turn96view0
Meta,UBS,Stephen Ju,named_analyst,Not sourced,date not stated on source; retrieved 2026-10-05,2026-10-05,https://investor.atmeta.com/stock-info/default.aspx?section=stockdata,turn96view0
Meta,Wells Fargo Securities,Ken Gawrelski,named_analyst,Not sourced,date not stated on source; retrieved 2026-10-05,2026-10-05,https://investor.atmeta.com/stock-info/default.aspx?section=stockdata,turn96view0
Meta,William Blair,Ralph Schackart,named_analyst,Not sourced,date not stated on source; retrieved 2026-10-05,2026-10-05,https://investor.atmeta.com/stock-info/default.aspx?section=stockdata,turn96view0
Meta,Wolfe Research,Shweta Khajuria,named_analyst,Not sourced,date not stated on source; retrieved 2026-10-05,2026-10-05,https://investor.atmeta.com/stock-info/default.aspx?section=stockdata,turn96view0
NVIDIA,Arete Research,Jim Fontanelli,named_analyst,Not sourced,date not stated on source; retrieved 2026-10-05,2026-10-05,https://investor.nvidia.com/stock-info/analyst-coverage/default.aspx,browser-crawl 2026-10-05
NVIDIA,Argus Research,Jim Kelleher,named_analyst,Not sourced,date not stated on source; retrieved 2026-10-05,2026-10-05,https://investor.nvidia.com/stock-info/analyst-coverage/default.aspx,browser-crawl 2026-10-05
NVIDIA,Baird,Tristan Gerra,named_analyst,Not sourced,date not stated on source; retrieved 2026-10-05,2026-10-05,https://investor.nvidia.com/stock-info/analyst-coverage/default.aspx,browser-crawl 2026-10-05
NVIDIA,Bank of America Merrill Lynch,Vivek Arya,named_analyst,Not sourced,date not stated on source; retrieved 2026-10-05,2026-10-05,https://investor.nvidia.com/stock-info/analyst-coverage/default.aspx,browser-crawl 2026-10-05
NVIDIA,Barclays Capital,Thomas O'Malley,named_analyst,Not sourced,date not stated on source; retrieved 2026-10-05,2026-10-05,https://investor.nvidia.com/stock-info/analyst-coverage/default.aspx,browser-crawl 2026-10-05
NVIDIA,Benchmark Company,Cody Acree,named_analyst,Not sourced,date not stated on source; retrieved 2026-10-05,2026-10-05,https://investor.nvidia.com/stock-info/analyst-coverage/default.aspx,browser-crawl 2026-10-05
NVIDIA,Bernstein Research,Stacy Rasgon,named_analyst,Not sourced,date not stated on source; retrieved 2026-10-05,2026-10-05,https://investor.nvidia.com/stock-info/analyst-coverage/default.aspx,browser-crawl 2026-10-05
NVIDIA,Bloomberg,Kunjan Sobhani,named_analyst,Not sourced,date not stated on source; retrieved 2026-10-05,2026-10-05,https://investor.nvidia.com/stock-info/analyst-coverage/default.aspx,browser-crawl 2026-10-05
NVIDIA,BNP Paribas,Karl Ackerman,named_analyst,Not sourced,date not stated on source; retrieved 2026-10-05,2026-10-05,https://investor.nvidia.com/stock-info/analyst-coverage/default.aspx,browser-crawl 2026-10-05
NVIDIA,Cantor Fitzgerald & Co.,C.J. Muse,named_analyst,Not sourced,date not stated on source; retrieved 2026-10-05,2026-10-05,https://investor.nvidia.com/stock-info/analyst-coverage/default.aspx,browser-crawl 2026-10-05
NVIDIA,CICC,Qiaosheng Cheng,named_analyst,Not sourced,date not stated on source; retrieved 2026-10-05,2026-10-05,https://investor.nvidia.com/stock-info/analyst-coverage/default.aspx,browser-crawl 2026-10-05
NVIDIA,Citi,Atif Malik,named_analyst,Not sourced,date not stated on source; retrieved 2026-10-05,2026-10-05,https://investor.nvidia.com/stock-info/analyst-coverage/default.aspx,browser-crawl 2026-10-05
NVIDIA,Cleveland Research,Chandler Converse,named_analyst,Not sourced,date not stated on source; retrieved 2026-10-05,2026-10-05,https://investor.nvidia.com/stock-info/analyst-coverage/default.aspx,browser-crawl 2026-10-05
NVIDIA,CLSA,Bhavtosh Vajpayee,named_analyst,Not sourced,date not stated on source; retrieved 2026-10-05,2026-10-05,https://investor.nvidia.com/stock-info/analyst-coverage/default.aspx,browser-crawl 2026-10-05
NVIDIA,Craig-Hallum Capital Group,Richard C. Shannon,named_analyst,Not sourced,date not stated on source; retrieved 2026-10-05,2026-10-05,https://investor.nvidia.com/stock-info/analyst-coverage/default.aspx,browser-crawl 2026-10-05
NVIDIA,D.A. Davidson & Co.,Gil Luria,named_analyst,Not sourced,date not stated on source; retrieved 2026-10-05,2026-10-05,https://investor.nvidia.com/stock-info/analyst-coverage/default.aspx,browser-crawl 2026-10-05
NVIDIA,Daiwa Capital,Louis Miscioscia,named_analyst,Not sourced,date not stated on source; retrieved 2026-10-05,2026-10-05,https://investor.nvidia.com/stock-info/analyst-coverage/default.aspx,browser-crawl 2026-10-05
NVIDIA,Edgewater Research,Kevin Rottinghaus,named_analyst,Not sourced,date not stated on source; retrieved 2026-10-05,2026-10-05,https://investor.nvidia.com/stock-info/analyst-coverage/default.aspx,browser-crawl 2026-10-05
NVIDIA,Evercore ISI,Mark Lipacis,named_analyst,Not sourced,date not stated on source; retrieved 2026-10-05,2026-10-05,https://investor.nvidia.com/stock-info/analyst-coverage/default.aspx,browser-crawl 2026-10-05
NVIDIA,"Goldman, Sachs & Co.",Jim Schneider,named_analyst,Not sourced,date not stated on source; retrieved 2026-10-05,2026-10-05,https://investor.nvidia.com/stock-info/analyst-coverage/default.aspx,browser-crawl 2026-10-05
NVIDIA,HSBC,Frank Lee,named_analyst,Not sourced,date not stated on source; retrieved 2026-10-05,2026-10-05,https://investor.nvidia.com/stock-info/analyst-coverage/default.aspx,browser-crawl 2026-10-05
NVIDIA,J. P. Morgan,Harlan Sur,named_analyst,Not sourced,date not stated on source; retrieved 2026-10-05,2026-10-05,https://investor.nvidia.com/stock-info/analyst-coverage/default.aspx,browser-crawl 2026-10-05
NVIDIA,Jefferies,Blayne Curtis,named_analyst,Not sourced,date not stated on source; retrieved 2026-10-05,2026-10-05,https://investor.nvidia.com/stock-info/analyst-coverage/default.aspx,browser-crawl 2026-10-05
NVIDIA,KeyBanc Capital Markets,John Vinh,named_analyst,Not sourced,date not stated on source; retrieved 2026-10-05,2026-10-05,https://investor.nvidia.com/stock-info/analyst-coverage/default.aspx,browser-crawl 2026-10-05
NVIDIA,Loop Capital,Ananda Baruah,named_analyst,Not sourced,date not stated on source; retrieved 2026-10-05,2026-10-05,https://investor.nvidia.com/stock-info/analyst-coverage/default.aspx,browser-crawl 2026-10-05
NVIDIA,M Science,Chandler Willison,named_analyst,Not sourced,date not stated on source; retrieved 2026-10-05,2026-10-05,https://investor.nvidia.com/stock-info/analyst-coverage/default.aspx,browser-crawl 2026-10-05
NVIDIA,Melius Research,Ben Reitzes,named_analyst,Not sourced,date not stated on source; retrieved 2026-10-05,2026-10-05,https://investor.nvidia.com/stock-info/analyst-coverage/default.aspx,browser-crawl 2026-10-05
NVIDIA,Mizuho Securities,Vijay Rakesh,named_analyst,Not sourced,date not stated on source; retrieved 2026-10-05,2026-10-05,https://investor.nvidia.com/stock-info/analyst-coverage/default.aspx,browser-crawl 2026-10-05
NVIDIA,Morgan Stanley,Joseph Moore,named_analyst,Not sourced,date not stated on source; retrieved 2026-10-05,2026-10-05,https://investor.nvidia.com/stock-info/analyst-coverage/default.aspx,browser-crawl 2026-10-05
NVIDIA,Needham & Company,Quinn Bolton,named_analyst,Not sourced,date not stated on source; retrieved 2026-10-05,2026-10-05,https://investor.nvidia.com/stock-info/analyst-coverage/default.aspx,browser-crawl 2026-10-05
NVIDIA,New Street Research,Pierre Ferragu,named_analyst,Not sourced,date not stated on source; retrieved 2026-10-05,2026-10-05,https://investor.nvidia.com/stock-info/analyst-coverage/default.aspx,browser-crawl 2026-10-05
NVIDIA,Oppenheimer and Company,Rick Schafer,named_analyst,Not sourced,date not stated on source; retrieved 2026-10-05,2026-10-05,https://investor.nvidia.com/stock-info/analyst-coverage/default.aspx,browser-crawl 2026-10-05
NVIDIA,Raymond James,Simon M. Leopold,named_analyst,Not sourced,date not stated on source; retrieved 2026-10-05,2026-10-05,https://investor.nvidia.com/stock-info/analyst-coverage/default.aspx,browser-crawl 2026-10-05
NVIDIA,RBC Capital Markets,Srini Pajjuri,named_analyst,Not sourced,date not stated on source; retrieved 2026-10-05,2026-10-05,https://investor.nvidia.com/stock-info/analyst-coverage/default.aspx,browser-crawl 2026-10-05
NVIDIA,Redburn Atlantic,Timm Schulze-Melander,named_analyst,Not sourced,date not stated on source; retrieved 2026-10-05,2026-10-05,https://investor.nvidia.com/stock-info/analyst-coverage/default.aspx,browser-crawl 2026-10-05
NVIDIA,Rosenblatt Securities,Kevin Cassidy,named_analyst,Not sourced,date not stated on source; retrieved 2026-10-05,2026-10-05,https://investor.nvidia.com/stock-info/analyst-coverage/default.aspx,browser-crawl 2026-10-05
NVIDIA,Safra,Guilherme Bellizzi Motta,named_analyst,Not sourced,date not stated on source; retrieved 2026-10-05,2026-10-05,https://investor.nvidia.com/stock-info/analyst-coverage/default.aspx,browser-crawl 2026-10-05
NVIDIA,Stifel,Ruben Roy,named_analyst,Not sourced,date not stated on source; retrieved 2026-10-05,2026-10-05,https://investor.nvidia.com/stock-info/analyst-coverage/default.aspx,browser-crawl 2026-10-05
NVIDIA,Susquehanna Financial Group,Chris Rolland,named_analyst,Not sourced,date not stated on source; retrieved 2026-10-05,2026-10-05,https://investor.nvidia.com/stock-info/analyst-coverage/default.aspx,browser-crawl 2026-10-05
NVIDIA,TD Cowen,Joshua Buchalter,named_analyst,Not sourced,date not stated on source; retrieved 2026-10-05,2026-10-05,https://investor.nvidia.com/stock-info/analyst-coverage/default.aspx,browser-crawl 2026-10-05
NVIDIA,Tigress Financial Partners LLC,Ivan Feinseth,named_analyst,Not sourced,date not stated on source; retrieved 2026-10-05,2026-10-05,https://investor.nvidia.com/stock-info/analyst-coverage/default.aspx,browser-crawl 2026-10-05
NVIDIA,Truist Securities,Will Stein,named_analyst,Not sourced,date not stated on source; retrieved 2026-10-05,2026-10-05,https://investor.nvidia.com/stock-info/analyst-coverage/default.aspx,browser-crawl 2026-10-05
NVIDIA,UBS,Tim Arcuri,named_analyst,Not sourced,date not stated on source; retrieved 2026-10-05,2026-10-05,https://investor.nvidia.com/stock-info/analyst-coverage/default.aspx,browser-crawl 2026-10-05
NVIDIA,Wedbush,Matt Bryson,named_analyst,Not sourced,date not stated on source; retrieved 2026-10-05,2026-10-05,https://investor.nvidia.com/stock-info/analyst-coverage/default.aspx,browser-crawl 2026-10-05
NVIDIA,Wells Fargo,Aaron Rakers,named_analyst,Not sourced,date not stated on source; retrieved 2026-10-05,2026-10-05,https://investor.nvidia.com/stock-info/analyst-coverage/default.aspx,browser-crawl 2026-10-05
NVIDIA,William Blair & Company,Sebastien Naji,named_analyst,Not sourced,date not stated on source; retrieved 2026-10-05,2026-10-05,https://investor.nvidia.com/stock-info/analyst-coverage/default.aspx,browser-crawl 2026-10-05
NVIDIA,Wolfe Research,Chris Caso,named_analyst,Not sourced,date not stated on source; retrieved 2026-10-05,2026-10-05,https://investor.nvidia.com/stock-info/analyst-coverage/default.aspx,browser-crawl 2026-10-05
Qualcomm,Aletheia Capital,,firm_only,Not sourced,2026-02-04,2026-10-05,https://investor.qualcomm.com/stock-info/analyst-coverage/default.aspx,turn28view0
Qualcomm,Arete Research,,firm_only,Not sourced,2026-02-04,2026-10-05,https://investor.qualcomm.com/stock-info/analyst-coverage/default.aspx,turn28view0
Qualcomm,Argus Research,,firm_only,Not sourced,2026-02-04,2026-10-05,https://investor.qualcomm.com/stock-info/analyst-coverage/default.aspx,turn28view0
Qualcomm,Baird,,firm_only,Not sourced,2026-02-04,2026-10-05,https://investor.qualcomm.com/stock-info/analyst-coverage/default.aspx,turn28view0
Qualcomm,Baptista Research,,firm_only,Not sourced,2026-02-04,2026-10-05,https://investor.qualcomm.com/stock-info/analyst-coverage/default.aspx,turn28view0
Qualcomm,Barclays,,firm_only,Not sourced,2026-02-04,2026-10-05,https://investor.qualcomm.com/stock-info/analyst-coverage/default.aspx,turn28view0
Qualcomm,Bernstein Research,,firm_only,Not sourced,2026-02-04,2026-10-05,https://investor.qualcomm.com/stock-info/analyst-coverage/default.aspx,turn28view0
Qualcomm,BNP Paribas Exane,,firm_only,Not sourced,2026-02-04,2026-10-05,https://investor.qualcomm.com/stock-info/analyst-coverage/default.aspx,turn28view0
Qualcomm,BofA Global Research,,firm_only,Not sourced,2026-02-04,2026-10-05,https://investor.qualcomm.com/stock-info/analyst-coverage/default.aspx,turn28view0
Qualcomm,Cantor Fitzgerald,,firm_only,Not sourced,2026-02-04,2026-10-05,https://investor.qualcomm.com/stock-info/analyst-coverage/default.aspx,turn28view0
Qualcomm,Charter Equity Research,,firm_only,Not sourced,2026-02-04,2026-10-05,https://investor.qualcomm.com/stock-info/analyst-coverage/default.aspx,turn28view0
Qualcomm,China International Capital,,firm_only,Not sourced,2026-02-04,2026-10-05,https://investor.qualcomm.com/stock-info/analyst-coverage/default.aspx,turn28view0
Qualcomm,Citic Securities,,firm_only,Not sourced,2026-02-04,2026-10-05,https://investor.qualcomm.com/stock-info/analyst-coverage/default.aspx,turn28view0
Qualcomm,Citi,,firm_only,Not sourced,2026-02-04,2026-10-05,https://investor.qualcomm.com/stock-info/analyst-coverage/default.aspx,turn28view0
Qualcomm,Cleveland Research Company,,firm_only,Not sourced,2026-02-04,2026-10-05,https://investor.qualcomm.com/stock-info/analyst-coverage/default.aspx,turn28view0
Qualcomm,CrispIdea,,firm_only,Not sourced,2026-02-04,2026-10-05,https://investor.qualcomm.com/stock-info/analyst-coverage/default.aspx,turn28view0
Qualcomm,Daiwa Securities,,firm_only,Not sourced,2026-02-04,2026-10-05,https://investor.qualcomm.com/stock-info/analyst-coverage/default.aspx,turn28view0
Qualcomm,Deutsche Bank Research,,firm_only,Not sourced,2026-02-04,2026-10-05,https://investor.qualcomm.com/stock-info/analyst-coverage/default.aspx,turn28view0
Qualcomm,Everbright Securities,,firm_only,Not sourced,2026-02-04,2026-10-05,https://investor.qualcomm.com/stock-info/analyst-coverage/default.aspx,turn28view0
Qualcomm,Evercore ISI,,firm_only,Not sourced,2026-02-04,2026-10-05,https://investor.qualcomm.com/stock-info/analyst-coverage/default.aspx,turn28view0
Qualcomm,Equisights,,firm_only,Not sourced,2026-02-04,2026-10-05,https://investor.qualcomm.com/stock-info/analyst-coverage/default.aspx,turn28view0
Qualcomm,Fubon Securities,,firm_only,Not sourced,2026-02-04,2026-10-05,https://investor.qualcomm.com/stock-info/analyst-coverage/default.aspx,turn28view0
Qualcomm,Guotai Junan Securities,,firm_only,Not sourced,2026-02-04,2026-10-05,https://investor.qualcomm.com/stock-info/analyst-coverage/default.aspx,turn28view0
Qualcomm,HSBC,,firm_only,Not sourced,2026-02-04,2026-10-05,https://investor.qualcomm.com/stock-info/analyst-coverage/default.aspx,turn28view0
Qualcomm,JP Morgan,,firm_only,Not sourced,2026-02-04,2026-10-05,https://investor.qualcomm.com/stock-info/analyst-coverage/default.aspx,turn28view0
Qualcomm,KeyBanc Capital Markets,,firm_only,Not sourced,2026-02-04,2026-10-05,https://investor.qualcomm.com/stock-info/analyst-coverage/default.aspx,turn28view0
Qualcomm,Loop Capital Markets,,firm_only,Not sourced,2026-02-04,2026-10-05,https://investor.qualcomm.com/stock-info/analyst-coverage/default.aspx,turn28view0
Qualcomm,Melius Research,,firm_only,Not sourced,2026-02-04,2026-10-05,https://investor.qualcomm.com/stock-info/analyst-coverage/default.aspx,turn28view0
Qualcomm,Meritz Securities,,firm_only,Not sourced,2026-02-04,2026-10-05,https://investor.qualcomm.com/stock-info/analyst-coverage/default.aspx,turn28view0
Qualcomm,Mizuho Securities USA,,firm_only,Not sourced,2026-02-04,2026-10-05,https://investor.qualcomm.com/stock-info/analyst-coverage/default.aspx,turn28view0
Qualcomm,Morgan Stanley,,firm_only,Not sourced,2026-02-04,2026-10-05,https://investor.qualcomm.com/stock-info/analyst-coverage/default.aspx,turn28view0
Qualcomm,Morningstar Equity Research,,firm_only,Not sourced,2026-02-04,2026-10-05,https://investor.qualcomm.com/stock-info/analyst-coverage/default.aspx,turn28view0
Qualcomm,Oppenheimer & Company,,firm_only,Not sourced,2026-02-04,2026-10-05,https://investor.qualcomm.com/stock-info/analyst-coverage/default.aspx,turn28view0
Qualcomm,Piper Sandler Companies,,firm_only,Not sourced,2026-02-04,2026-10-05,https://investor.qualcomm.com/stock-info/analyst-coverage/default.aspx,turn28view0
Qualcomm,Raymond James,,firm_only,Not sourced,2026-02-04,2026-10-05,https://investor.qualcomm.com/stock-info/analyst-coverage/default.aspx,turn28view0
Qualcomm,RBC Capital Markets,,firm_only,Not sourced,2026-02-04,2026-10-05,https://investor.qualcomm.com/stock-info/analyst-coverage/default.aspx,turn28view0
Qualcomm,Rosenblatt Securities,,firm_only,Not sourced,2026-02-04,2026-10-05,https://investor.qualcomm.com/stock-info/analyst-coverage/default.aspx,turn28view0
Qualcomm,Seaport Global Securities,,firm_only,Not sourced,2026-02-04,2026-10-05,https://investor.qualcomm.com/stock-info/analyst-coverage/default.aspx,turn28view0
Qualcomm,SPDB International,,firm_only,Not sourced,2026-02-04,2026-10-05,https://investor.qualcomm.com/stock-info/analyst-coverage/default.aspx,turn28view0
Qualcomm,Susquehanna Financial Group,,firm_only,Not sourced,2026-02-04,2026-10-05,https://investor.qualcomm.com/stock-info/analyst-coverage/default.aspx,turn28view0
Qualcomm,TD Cowen,,firm_only,Not sourced,2026-02-04,2026-10-05,https://investor.qualcomm.com/stock-info/analyst-coverage/default.aspx,turn28view0
Qualcomm,The Benchmark Company,,firm_only,Not sourced,2026-02-04,2026-10-05,https://investor.qualcomm.com/stock-info/analyst-coverage/default.aspx,turn28view0
Qualcomm,Tigress Financial,,firm_only,Not sourced,2026-02-04,2026-10-05,https://investor.qualcomm.com/stock-info/analyst-coverage/default.aspx,turn28view0
Qualcomm,UBS,,firm_only,Not sourced,2026-02-04,2026-10-05,https://investor.qualcomm.com/stock-info/analyst-coverage/default.aspx,turn28view0
Qualcomm,Wells Fargo Securities,,firm_only,Not sourced,2026-02-04,2026-10-05,https://investor.qualcomm.com/stock-info/analyst-coverage/default.aspx,turn28view0
Qualcomm,Wolfe Research,,firm_only,Not sourced,2026-02-04,2026-10-05,https://investor.qualcomm.com/stock-info/analyst-coverage/default.aspx,turn28view0
Schneider Electric,AlphaValue,Kulwinder Rajpal,named_analyst,Not sourced,2026-06 (month only),2026-10-05,https://www.se.com/ww/en/about-us/investor-relations/share-information/analyst-coverage-and-consensus/,turn64view0
Schneider Electric,BNP Paribas,Jonathan Mounsey,named_analyst,Not sourced,2026-06 (month only),2026-10-05,https://www.se.com/ww/en/about-us/investor-relations/share-information/analyst-coverage-and-consensus/,turn64view0
Schneider Electric,Bank of America,Benjamin Heelan,named_analyst,Not sourced,2026-06 (month only),2026-10-05,https://www.se.com/ww/en/about-us/investor-relations/share-information/analyst-coverage-and-consensus/,turn64view0
Schneider Electric,Banco Santander,Lourdes Domínguez,named_analyst,Not sourced,2026-06 (month only),2026-10-05,https://www.se.com/ww/en/about-us/investor-relations/share-information/analyst-coverage-and-consensus/,turn64view0
Schneider Electric,Barclays,George Featherstone,named_analyst,Not sourced,2026-06 (month only),2026-10-05,https://www.se.com/ww/en/about-us/investor-relations/share-information/analyst-coverage-and-consensus/,turn64view0
Schneider Electric,Berenberg,Richard Dawson,named_analyst,Not sourced,2026-06 (month only),2026-10-05,https://www.se.com/ww/en/about-us/investor-relations/share-information/analyst-coverage-and-consensus/,turn64view0
Schneider Electric,BernsteinSG,Alasdair Leslie,named_analyst,Not sourced,2026-06 (month only),2026-10-05,https://www.se.com/ww/en/about-us/investor-relations/share-information/analyst-coverage-and-consensus/,turn64view0
Schneider Electric,CIC Market Solutions,Eric Lemarie,named_analyst,Not sourced,2026-06 (month only),2026-10-05,https://www.se.com/ww/en/about-us/investor-relations/share-information/analyst-coverage-and-consensus/,turn64view0
Schneider Electric,CICC,Hongjie Li,named_analyst,Not sourced,2026-06 (month only),2026-10-05,https://www.se.com/ww/en/about-us/investor-relations/share-information/analyst-coverage-and-consensus/,turn64view0
Schneider Electric,CITI Bank,Martin Wilkie,named_analyst,Not sourced,2026-06 (month only),2026-10-05,https://www.se.com/ww/en/about-us/investor-relations/share-information/analyst-coverage-and-consensus/,turn64view0
Schneider Electric,Deutsche Bank,Gaël De Bray,named_analyst,Not sourced,2026-06 (month only),2026-10-05,https://www.se.com/ww/en/about-us/investor-relations/share-information/analyst-coverage-and-consensus/,turn64view0
Schneider Electric,Evercore,Alexander Virgo,named_analyst,Not sourced,2026-06 (month only),2026-10-05,https://www.se.com/ww/en/about-us/investor-relations/share-information/analyst-coverage-and-consensus/,turn64view0
Schneider Electric,Goldman Sachs,Daniela Costa,named_analyst,Not sourced,2026-06 (month only),2026-10-05,https://www.se.com/ww/en/about-us/investor-relations/share-information/analyst-coverage-and-consensus/,turn64view0
Schneider Electric,HSBC,Sean McLoughlin,named_analyst,Not sourced,2026-06 (month only),2026-10-05,https://www.se.com/ww/en/about-us/investor-relations/share-information/analyst-coverage-and-consensus/,turn64view0
Schneider Electric,JP Morgan,Philip Buller,named_analyst,Not sourced,2026-06 (month only),2026-10-05,https://www.se.com/ww/en/about-us/investor-relations/share-information/analyst-coverage-and-consensus/,turn64view0
Schneider Electric,Jefferies,Rizk Maidi,named_analyst,Not sourced,2026-06 (month only),2026-10-05,https://www.se.com/ww/en/about-us/investor-relations/share-information/analyst-coverage-and-consensus/,turn64view0
Schneider Electric,Kepler Cheuvreux,William Mackie,named_analyst,Not sourced,2026-06 (month only),2026-10-05,https://www.se.com/ww/en/about-us/investor-relations/share-information/analyst-coverage-and-consensus/,turn64view0
Schneider Electric,Morgan Stanley,Max Yates,named_analyst,Not sourced,2026-06 (month only),2026-10-05,https://www.se.com/ww/en/about-us/investor-relations/share-information/analyst-coverage-and-consensus/,turn64view0
Schneider Electric,Morningstar,Matthew Donen,named_analyst,Not sourced,2026-06 (month only),2026-10-05,https://www.se.com/ww/en/about-us/investor-relations/share-information/analyst-coverage-and-consensus/,turn64view0
Schneider Electric,Oddo,Delphine Brault,named_analyst,Not sourced,2026-06 (month only),2026-10-05,https://www.se.com/ww/en/about-us/investor-relations/share-information/analyst-coverage-and-consensus/,turn64view0
Schneider Electric,Oxcap Analytics,Ben Uglow,named_analyst,Not sourced,2026-06 (month only),2026-10-05,https://www.se.com/ww/en/about-us/investor-relations/share-information/analyst-coverage-and-consensus/,turn64view0
Schneider Electric,RBC Capital Markets,Mark Fielding,named_analyst,Not sourced,2026-06 (month only),2026-10-05,https://www.se.com/ww/en/about-us/investor-relations/share-information/analyst-coverage-and-consensus/,turn64view0
Schneider Electric,Rothschild & Co,James Moore,named_analyst,Not sourced,2026-06 (month only),2026-10-05,https://www.se.com/ww/en/about-us/investor-relations/share-information/analyst-coverage-and-consensus/,turn64view0
Schneider Electric,UBS,Andre Kukhnin,named_analyst,Not sourced,2026-06 (month only),2026-10-05,https://www.se.com/ww/en/about-us/investor-relations/share-information/analyst-coverage-and-consensus/,turn64view0
Schneider Electric,Vertical Research Partners,Jeffrey Sprague,named_analyst,Not sourced,2026-06 (month only),2026-10-05,https://www.se.com/ww/en/about-us/investor-relations/share-information/analyst-coverage-and-consensus/,turn64view0
Supermicro,Barclays,Tim Long,named_analyst,Not sourced,date not stated on source; retrieved 2026-10-05,2026-10-05,https://ir.supermicro.com/stock-information/analyst-coverage/default.aspx,turn66view0
Supermicro,BofA Securities,Ruplu Bhattachary,named_analyst,Not sourced,date not stated on source; retrieved 2026-10-05,2026-10-05,https://ir.supermicro.com/stock-information/analyst-coverage/default.aspx,turn66view0
Supermicro,Citi,Asiya Merchant,named_analyst,Not sourced,date not stated on source; retrieved 2026-10-05,2026-10-05,https://ir.supermicro.com/stock-information/analyst-coverage/default.aspx,turn66view0
Supermicro,CJS Securities,Jon Tanwanteng,named_analyst,Not sourced,date not stated on source; retrieved 2026-10-05,2026-10-05,https://ir.supermicro.com/stock-information/analyst-coverage/default.aspx,turn66view0
Supermicro,Goldman Sachs,Michael Ng,named_analyst,Not sourced,date not stated on source; retrieved 2026-10-05,2026-10-05,https://ir.supermicro.com/stock-information/analyst-coverage/default.aspx,turn66view0
Supermicro,JPMorgan,Samik Chatterjee,named_analyst,Not sourced,date not stated on source; retrieved 2026-10-05,2026-10-05,https://ir.supermicro.com/stock-information/analyst-coverage/default.aspx,turn66view0
Supermicro,KeyBanc,Brandon Nispel,named_analyst,Not sourced,date not stated on source; retrieved 2026-10-05,2026-10-05,https://ir.supermicro.com/stock-information/analyst-coverage/default.aspx,turn66view0
Supermicro,Loop Capital,Ananda Baruah,named_analyst,Not sourced,date not stated on source; retrieved 2026-10-05,2026-10-05,https://ir.supermicro.com/stock-information/analyst-coverage/default.aspx,turn66view0
Supermicro,Mizuho Securities USA,Vijay Rakesh,named_analyst,Not sourced,date not stated on source; retrieved 2026-10-05,2026-10-05,https://ir.supermicro.com/stock-information/analyst-coverage/default.aspx,turn66view0
Supermicro,Needham & Company,Quinn Bolton,named_analyst,Not sourced,date not stated on source; retrieved 2026-10-05,2026-10-05,https://ir.supermicro.com/stock-information/analyst-coverage/default.aspx,turn66view0
Supermicro,Nomura Research,Donnie Teng,named_analyst,Not sourced,date not stated on source; retrieved 2026-10-05,2026-10-05,https://ir.supermicro.com/stock-information/analyst-coverage/default.aspx,turn66view0
Supermicro,Northland Securities,Nehal Choski,named_analyst,Not sourced,date not stated on source; retrieved 2026-10-05,2026-10-05,https://ir.supermicro.com/stock-information/analyst-coverage/default.aspx,turn66view0
Supermicro,Raymond James,Simon Leopold,named_analyst,Not sourced,date not stated on source; retrieved 2026-10-05,2026-10-05,https://ir.supermicro.com/stock-information/analyst-coverage/default.aspx,turn66view0
Supermicro,Rosenblatt Securities,Kevin Cassidy,named_analyst,Not sourced,date not stated on source; retrieved 2026-10-05,2026-10-05,https://ir.supermicro.com/stock-information/analyst-coverage/default.aspx,turn66view0
Supermicro,Susquehanna International Group,Mehdi Hosseini,named_analyst,Not sourced,date not stated on source; retrieved 2026-10-05,2026-10-05,https://ir.supermicro.com/stock-information/analyst-coverage/default.aspx,turn66view0
Supermicro,Wedbush Securities,Matt Bryson,named_analyst,Not sourced,date not stated on source; retrieved 2026-10-05,2026-10-05,https://ir.supermicro.com/stock-information/analyst-coverage/default.aspx,turn66view0
Supermicro,Wells Fargo Securities,Aaron Rakers,named_analyst,Not sourced,date not stated on source; retrieved 2026-10-05,2026-10-05,https://ir.supermicro.com/stock-information/analyst-coverage/default.aspx,turn66view0
Tencent,86Research,Charlie Chai,named_analyst,Not sourced,date not stated on source; retrieved 2026-10-05,2026-10-05,https://www.tencent.com/investors/equity-bond-information/,turn93view0
Tencent,Arete Research,Richard Kramer,named_analyst,Not sourced,date not stated on source; retrieved 2026-10-05,2026-10-05,https://www.tencent.com/investors/equity-bond-information/,turn93view0
Tencent,Barclays,Jiong Shao,named_analyst,Not sourced,date not stated on source; retrieved 2026-10-05,2026-10-05,https://www.tencent.com/investors/equity-bond-information/,turn93view0
Tencent,BofA Securities,Alex Liu,named_analyst,Not sourced,date not stated on source; retrieved 2026-10-05,2026-10-05,https://www.tencent.com/investors/equity-bond-information/,turn93view0
Tencent,BOC International,Michael Meng,named_analyst,Not sourced,date not stated on source; retrieved 2026-10-05,2026-10-05,https://www.tencent.com/investors/equity-bond-information/,turn93view0
Tencent,Bernstein,Robin Zhu,named_analyst,Not sourced,date not stated on source; retrieved 2026-10-05,2026-10-05,https://www.tencent.com/investors/equity-bond-information/,turn93view0
Tencent,CCB International,Cathy Chan,named_analyst,Not sourced,date not stated on source; retrieved 2026-10-05,2026-10-05,https://www.tencent.com/investors/equity-bond-information/,turn93view0
Tencent,China Galaxy International,Lei Yang,named_analyst,Not sourced,date not stated on source; retrieved 2026-10-05,2026-10-05,https://www.tencent.com/investors/equity-bond-information/,turn93view0
Tencent,China Renaissance,Ella Ji,named_analyst,Not sourced,date not stated on source; retrieved 2026-10-05,2026-10-05,https://www.tencent.com/investors/equity-bond-information/,turn93view0
Tencent,CICC,Bai Yang,named_analyst,Not sourced,date not stated on source; retrieved 2026-10-05,2026-10-05,https://www.tencent.com/investors/equity-bond-information/,turn93view0
Tencent,CITIC Securities,Yuan Liao,named_analyst,Not sourced,date not stated on source; retrieved 2026-10-05,2026-10-05,https://www.tencent.com/investors/equity-bond-information/,turn93view0
Tencent,Citigroup,Alicia Yap,named_analyst,Not sourced,date not stated on source; retrieved 2026-10-05,2026-10-05,https://www.tencent.com/investors/equity-bond-information/,turn93view0
Tencent,CLSA,Elinor Leung,named_analyst,Not sourced,date not stated on source; retrieved 2026-10-05,2026-10-05,https://www.tencent.com/investors/equity-bond-information/,turn93view0
Tencent,CMB International,Saiyi He,named_analyst,Not sourced,date not stated on source; retrieved 2026-10-05,2026-10-05,https://www.tencent.com/investors/equity-bond-information/,turn93view0
Tencent,Daiwa,John Choi,named_analyst,Not sourced,date not stated on source; retrieved 2026-10-05,2026-10-05,https://www.tencent.com/investors/equity-bond-information/,turn93view0
Tencent,Exane BNP Paribas,William Packer,named_analyst,Not sourced,date not stated on source; retrieved 2026-10-05,2026-10-05,https://www.tencent.com/investors/equity-bond-information/,turn93view0
Tencent,GF Securities,Kuang Shi,named_analyst,Not sourced,date not stated on source; retrieved 2026-10-05,2026-10-05,https://www.tencent.com/investors/equity-bond-information/,turn93view0
Tencent,Goldman Sachs,Ronald Keung,named_analyst,Not sourced,date not stated on source; retrieved 2026-10-05,2026-10-05,https://www.tencent.com/investors/equity-bond-information/,turn93view0
Tencent,Haitong International Securities,Nathan Wang,named_analyst,Not sourced,date not stated on source; retrieved 2026-10-05,2026-10-05,https://www.tencent.com/investors/equity-bond-information/,turn93view0
Tencent,Huatai,Joanne Ding,named_analyst,Not sourced,date not stated on source; retrieved 2026-10-05,2026-10-05,https://www.tencent.com/investors/equity-bond-information/,turn93view0
Tencent,HSBC,Charlene R Liu,named_analyst,Not sourced,date not stated on source; retrieved 2026-10-05,2026-10-05,https://www.tencent.com/investors/equity-bond-information/,turn93view0
Tencent,Jefferies,Thomas Chong,named_analyst,Not sourced,date not stated on source; retrieved 2026-10-05,2026-10-05,https://www.tencent.com/investors/equity-bond-information/,turn93view0
Tencent,J.P. Morgan,Alex Yao,named_analyst,Not sourced,date not stated on source; retrieved 2026-10-05,2026-10-05,https://www.tencent.com/investors/equity-bond-information/,turn93view0
Tencent,Mizuho Securities USA,Wei Fang,named_analyst,Not sourced,date not stated on source; retrieved 2026-10-05,2026-10-05,https://www.tencent.com/investors/equity-bond-information/,turn93view0
Tencent,Morgan Stanley,Gary Yu,named_analyst,Not sourced,date not stated on source; retrieved 2026-10-05,2026-10-05,https://www.tencent.com/investors/equity-bond-information/,turn93view0
Tencent,Morningstar,Ivan Su,named_analyst,Not sourced,date not stated on source; retrieved 2026-10-05,2026-10-05,https://www.tencent.com/investors/equity-bond-information/,turn93view0
Tencent,New Street Research,Jin K. Yoon,named_analyst,Not sourced,date not stated on source; retrieved 2026-10-05,2026-10-05,https://www.tencent.com/investors/equity-bond-information/,turn93view0
Tencent,Nomura International,Jialong Shi,named_analyst,Not sourced,date not stated on source; retrieved 2026-10-05,2026-10-05,https://www.tencent.com/investors/equity-bond-information/,turn93view0
Tencent,UBS,Kenneth Fong,named_analyst,Not sourced,date not stated on source; retrieved 2026-10-05,2026-10-05,https://www.tencent.com/investors/equity-bond-information/,turn93view0
